Abatantuono, Diego*http://www.drzap.it/O_Abatantuono.htm
Allen, Woody*http://www.drzap.it/O_AllenW.htm
Abatelunare*http://www.drzap.it/O_Abatelunare.htm
Alpignano, Cinzia*http://www.drzap.it/O_Alpignano.htm
Abbate, Angelo*http://www.drzap.it/O_Abbate.htm
Altan*http://www.drzap.it/O_Altan.htm
Abito, Boris*http://www.drzap.it/O_Abito.htm
Altissimi, Beppe*http://www.drzap.it/O_Altissimi.htm
ABkualcosa*http://www.drzap.it/O_ABkualcosa.htm
Altomare, Fran*http://www.drzap.it/O_Altomare.htm
Abrams, Jord*http://www.drzap.it/O_Abrams.htm
Amadeo, Mirko*http://www.drzap.it/O_Amadeo.htm
Accatino, Alfredo*http://www.drzap.it/O_Accatino.htm
A.mazed (Eddie Murchy)*http://www.drzap.it/O_amazed.htm
Achard, Marcel*http://www.drzap.it/O_Achard.htm
Ambrogi, Silvano*http://www.drzap.it/O_Ambrogi.htm
Adams, Douglas*http://www.drzap.it/O_Adams.htm
Amotalbrezza (Albert O’Mazz)*http://www.drzap.it/O_amotalbrezza.htm
Adams, Joey*http://www.drzap.it/O_Adams_Joey.htm
Amurri & Verde*http://www.drzap.it/O_Amurri.htm
Adams, Scott*http://www.drzap.it/O_AdamsScott.htm
Andreoli, Brunella*http://www.drzap.it/O_Andreoli.htm
Adenoide, Angel*http://www.drzap.it/O_Adenoide.htm
Andreotti, Giulio*http://www.drzap.it/O_Andreotti.htm
AGJ*http://www.drzap.it/O_AGJ.htm
Angelucci, Walter*http://www.drzap.it/O_Angelucci.htm
Agostini, Bruno*http://www.drzap.it/O_Agostini.htm
Angese*http://www.drzap.it/O_Angese.htm
Agriformi, Giovanna*http://www.drzap.it/O_Agriformi.htm
Anouilh, Jean*http://www.drzap.it/O_Anouilh.htm
Aileen d.*http://www.drzap.it/O_aileen_d.htm
Antoni, Roberto “Freak”*http://www.drzap.it/O_Antoni.htm
Aimone, Pier Carlo*http://www.drzap.it/O_Aimone.htm
Antònito*http://www.drzap.it/O_Antonito.htm
Airaghi, Mario (satira n’eurodeficiente)*http://www.drzap.it/O_Airaghi.htm
Apicella, Enzo*http://www.drzap.it/O_Apicella.htm
Aiutiamo la Gelmini a uscire dal tunnel*http://www.drzap.it/O_Aiutiamo_la_Gelmini.htm
Archi il Leone*http://www.drzap.it/O_Archi_il_Leone.htm
Albanese, Antonio *http://www.drzap.it/O_Albanese.htm
Arcobalengo (Andrea Bertora)*http://www.drzap.it/O_Bertora.htm
Albert*http://www.drzap.it/O_Albert.htm
Argon Sacchi, Giuliano*http://www.drzap.it/O_Argon_Sacchi.htm
Alcamo, Ciccio*http://www.drzap.it/O_Alcamo.htm
Aristotele*http://www.drzap.it/F_Aristotele.htm
Alcolicesimo*http://www.drzap.it/O_Alcolicesimo.htm
Arlec Chino*http://www.drzap.it/O_Arlec_Chino.htm
Aldieri, Davide*http://www.drzap.it/O_Aldieri.htm
Arlenghi, Danilo*http://www.drzap.it/O_Arlenghi.htm
Aldo, Giovanni e Giacomo*http://www.drzap.it/O_AGG.htm
Asimov, Isaac*http://www.drzap.it/O_Asimov.htm
Aldo Vincent, il Gelataio di Corfù*http://www.drzap.it/O_Vincent.htm
Astolfi, Davide*http://www.drzap.it/O_Astolfi.htm
Ale e Franz*http://www.drzap.it/O_AF.htm
Ataru*http://www.drzap.it/O_Ataru.htm
Alex1980 (Al3xI98O)*http://www.drzap.it/O_Alex1980.htm
Audiard, Michel*http://www.drzap.it/O_Audiard.htm
Alexfor*http://www.drzap.it/O_alexfor.htm
Avallone, Raffaele*http://www.drzap.it/O_Avallone.htm
alfcas*http://www.drzap.it/O_alfcas.htm
Avanzi, Maurizio*http://www.drzap.it/O_Avanzi.htm
Alibigie, Darlene*http://www.drzap.it/O_Alibigie.htm
Avòna, Paolo*http://www.drzap.it/O_Avona.htm
Alichino, Giuliano*http://www.drzap.it/O_Alichino.htm
Avvocato Brosisky*http://www.drzap.it/O_Avvocato_Brosisky.htm
Allegra, Gianni*http://www.drzap.it/O_Allegra.htm
Azael*http://www.drzap.it/O_Azael.htm
Allen, Fred*http://www.drzap.it/O_AllenF.htm
Azzarà, Caterina*http://www.drzap.it/O_Azzara'.htm
Allen, Steve*http://www.drzap.it/O_Steve_Allen.htm
Bachi, Gianmarco*http://www.drzap.it/O_Mose.htm
Bismarck, Otto von*http://www.drzap.it/O_Bismarck.htm
Bacon, Francis*http://www.drzap.it/O_Bacon.htm
Biso, Antonio*http://www.drzap.it/O_Biso.htm
Baduino, Fabrizio (Badu)*http://www.drzap.it/O_Baduino.htm
Bitetto, Gaspare (Waxen) *http://www.drzap.it/O_Waxen.htm
Bagnolesi, Federico  (siokanzino)*http://www.drzap.it/O_Bagnolesi.htm
Bittershadow*http://www.drzap.it/O_bittershadow.htm
Baker, Russell *http://www.drzap.it/O_Baker.htm
Blake, Will*http://www.drzap.it/O_Blake.htm
Balasz, Anatolj  o Balasso, Natalino*http://www.drzap.it/O_Balasz.htm
Blepiro Lento*http://www.drzap.it/O_Blepiro.htm
Balbontin, Enrique*http://www.drzap.it/O_Savonese.htm
Boa Ferrari, Roberto*http://www.drzap.it/O_BoaFerrari.htm
Baldi, Tommaso  (overlooki)*http://www.drzap.it/O_overlooki.htm
Boccamazza, Marina*http://www.drzap.it/O_Boccamazza.htm
Balestrero, Andrea "Zuse"*http://www.drzap.it/O_Balest.htm
Bochicchio, Mario*http://www.drzap.it/O_Bochicchio.htm
Balzac, Honoré de*http://www.drzap.it/O_Balzac.htm
Boffelli, Enzo*http://www.drzap.it/O_Boffelli.htm
Banda della Bandana*http://www.drzap.it/O_Banda_della_Bandana.htm
Bogart, Humphrey*http://www.drzap.it/O_Bogart.htm
Banda Osiris*http://www.drzap.it/O_Banda_Osiris.htm
Boi, Tullio*http://www.drzap.it/O_Boi.htm
Bandini, Serafino*http://www.drzap.it/O_Bandini.htm
Boldi*http://www.drzap.it/O_Boldi.htm
Banfi, Lino*http://www.drzap.it/O_Banfi.htm
Bombeck, Erma*http://www.drzap.it/O_Bombeck.htm
Bani, Roberto*http://www.drzap.it/O_Bani.htm
Bombolo, alias Franco Lechner*http://www.drzap.it/O_Bombolo.htm
Bankhead, Tallulah*http://www.drzap.it/O_Bankhead.htm
Bommarito, Gianluca (il Bomma)*http://www.drzap.it/O_ilBomma.htm
Barbaro, Rocco*http://www.drzap.it/O_Barbaro.htm
Bonechi, Andrea (Chiorbaciov)*http://www.drzap.it/O_Bonechi.htm
Barbera, Anna Maria*http://www.drzap.it/O_Barbera.htm
Bonelli, Gianluigi  (Tex Willer)*http://www.drzap.it/O_Bonelli.htm
Barbon, Marco (Il sarcastico)*http://www.drzap.it/O_Barbon-IlSarcastico.htm
Bonfiglio, Giovanni*http://www.drzap.it/O_Bonfiglio.htm
BarbyeTurica (Barbarella)*http://www.drzap.it/O_BarbyeTurica.htm
Bongiorni, Manuel (Mangia Binari)*http://www.drzap.it/O_Bongiorni.htm
Baronda*http://www.drzap.it/O_Baronda.htm
Bongiorno, Mike*http://www.drzap.it/O_Bongiorno.htm
Barresi, Laura*http://www.drzap.it/O_Barresi.htm
Bono, Maurizio*http://www.drzap.it/O_Bono.htm
Barry, Dave*http://www.drzap.it/O_Barry.htm
Bonutti, Alex*http://www.drzap.it/O_Bonutti.htm
Barrymore, John*http://www.drzap.it/O_Barrymore.htm
Bonvi alias Franco Bonvicini*http://www.drzap.it/O_Bonvi.htm
Bartezzaghi, Stefano*http://www.drzap.it/O_Bartezzaghi.htm
Borges*http://www.drzap.it/borges.htm
Bartolini, Aleandro*http://www.drzap.it/O_Bartolini.htm
Borges, Jorge Luis*http://www.drzap.it/O_Borges.htm
Barzo (Bar Zo)*http://www.drzap.it/O_Barzo.htm
Borzacchini, Ettore*http://versilia.toscana.it/satira/borzacchini/borzacchini/lemmi.html
Basili, Dino*http://www.drzap.it/O_Basili.htm
Bosio, Lorenzo*http://www.drzap.it/O_Bosio.htm
Basso, Federico*http://www.drzap.it/O_Basso.htm
Boskov, Vujadin*http://www.drzap.it/O_Boskov.htm
Bastardi, Milena*http://www.drzap.it/O_Bastardi.htm
Bottura, Luca (bravimabasta)*http://www.drzap.it/O_Bottura.htm
Batduccio (Duccio Battistrada)*http://www.drzap.it/O_batduccio.htm
Bovina, Mario*http://www.drzap.it/O_Bovina.htm
Batta, Claudio*http://www.drzap.it/O_Batta.htm
Bozza, Massimo*http://www.drzap.it/O_Bozza.htm
Battaglia, Letizia (Pinziah)*http://www.drzap.it/O_pinziah.htm
Bragagnolo, Fabrizio*http://www.drzap.it/O_Bragagnolo.htm
Battutiere*http://www.drzap.it/O_battutiere.htm
Braida, Beppe*http://www.drzap.it/O_Braida.htm
Baudelaire, Charles*http://www.drzap.it/O_Baudelaire.htm
Bramieri, Gino*http://www.drzap.it/O_Bramieri.htm
Baudo, Pippo*http://www.drzap.it/O_Baudo.htm
Brancaleone*http://www.drzap.it/O_Brancaleone.htm
Baudrillard, Jean*http://www.drzap.it/O_Baudrillard.htm
Brass, Tinto*http://www.drzap.it/O_Brass.htm
Bellacicco, Fabio*http://www.drzap.it/O_Bellacicco.htm
Braude, Jacob M.*http://www.drzap.it/O_Braude.htm
Bellani, Stefano*http://www.drzap.it/O_Bellani.htm
Brecht, Bertold*http://www.drzap.it/O_Brecht.htm
Belli, Stefano (Mordicchio)*http://www.drzap.it/O_Mordicchio.htm
Breda, Michele Mikus*http://www.drzap.it/O_Breda.htm
Belloni, Barbara*http://www.drzap.it/O_Belloni.htm
Brera, Gianni*http://www.drzap.it/O_Brera.htm
Beneforti, Paolo*http://www.drzap.it/O_Beneforti.htm
Brescia, Francesco*http://www.drzap.it/O_Brescia.htm
Benigni, Roberto*http://www.drzap.it/O_Benigni.htm
Bressan, Tiziana*http://www.drzap.it/O_Bressan.htm
Benni, Stefano*http://www.drzap.it/O_Benni.htm
Brignano, Enrico*http://www.drzap.it/O_Brignano.htm
Benny, Jack*http://www.drzap.it/O_Benny.htm
Brillat-Savarin*http://www.drzap.it/O_Brillat-Savarin.htm
Bensi, Massimiliano*http://www.drzap.it/O_Quozzamax.htm
Brilliant, Ashleigh*http://www.drzap.it/O_Brilliant.htm
benze*http://www.drzap.it/O_benze.htm
Brooks, Mel*http://www.drzap.it/O_Brooks.htm
Beresford*http://www.drzap.it/O_Beresford.htm
Brooks, Henry  Adams*http://www.drzap.it/O_Brooks_Adams.htm
Bergonzoni, Alessandro*http://www.drzap.it/O_Bergon.htm
Brosio, Riccardo*http://www.drzap.it/O_Brosio.htm
Berle, Milton*http://www.drzap.it/O_Berle.htm
Brown, Carl William*http://www.drzap.it/O_Brown.htm
Berlusconi, Silvio*http://www.drzap.it/Berlusconi_Frasi_celebri.htm
Bruce Ketta*http://www.drzap.it/O_Bruce_Ketta.htm
Bernanos, George*http://www.drzap.it/O_Bernanos.htm
Bruce, Lenny*http://www.drzap.it/O_Lenny_Bruce.htm
Bernardini, Marco*http://www.drzap.it/O_Bernardini.htm
Brugnetti, Simone GionStravorto*http://www.drzap.it/O_GaspErCarbonaro.htm
Bernardini, Tommaso*http://www.drzap.it/O_Bernardini_Tommaso.htm
Brunello*http://www.drzap.it/O_Brunello.htm
Bernasconi, Ugo*http://www.drzap.it/O_Bernas.htm
Brunialti, Nicola*http://www.drzap.it/O_brunialti.htm
Berra, Yogi*http://www.drzap.it/O_Berra.htm
bruno*http://www.drzap.it/O_bruno.htm
Bertola, Romano*http://www.drzap.it/O_Bertola.htm
Bruno, Andrea*http://www.drzap.it/O_AndreaBruno.htm
Bertolino, Enrico*http://www.drzap.it/O_Bertolino.htm
Bruno, Mauro*http://www.drzap.it/O_Bruno_Mauro.htm
Bertolotti, Luca*http://www.drzap.it/O_Bertolotti-DePirro.htm
Brusco, Nicola*http://www.drzap.it/O_Brusco.htm
Bertora, Andrea (arcobalengo)*http://www.drzap.it/O_Bertora.htm
Bucchi, Massimo*http://www.drzap.it/O_Bucchi.htm
Betti, Alberto (ABkualcosa)*http://www.drzap.it/O_ABkualcosa.htm
Bufalino, Gesualdo*http://www.drzap.it/O_Bufali.htm
Biagi*http://www.drzap.it/O_Biagi.htm
Bukaniere, Francesco*http://www.drzap.it/O_bukaniere.htm
Biancardi, Antonio*http://www.drzap.it/O_Biancardi.htm
Bukowski, Charles*http://www.drzap.it/O_Bukows.htm
Bianco, Franco (Vignaiuolo) *http://www.drzap.it/O_Bianco.htm
Burgess, Anthony*http://www.drzap.it/O_Burgess.htm
Biani, Mauro*http://www.drzap.it/O_Biani.htm
Burini, Paolo*http://www.drzap.it/O_Burini.htm
BIG (Umberto)*http://www.drzap.it/O_BIG.htm
Burns, George*http://www.drzap.it/O_Burns.htm
Bierce, Ambrose  (Devil's Dictionary)*http://www.drzap.it/O_Bierce.htm
Butler, Ralph Samuel*http://www.drzap.it/O_Butler.htm
Bilbo Baggins*http://www.drzap.it/O_BilboBaggins.htm
Busi*http://www.drzap.it/O_Busi.htm
Billings, Josh*http://www.drzap.it/O_Billings.htm
Butulescu, Valeriu*http://www.drzap.it/O_Butulescu.htm
Bini, Marco*http://www.drzap.it/O_Bini.htm
ByeByePapi*http://www.drzap.it/O_Byebyepapi.htm
Biondi, Alfonso*http://www.drzap.it/O_Biondi.htm
Byron, George Gordon*http://www.drzap.it/O_Byron.htm
Biscardi, Aldo*http://www.drzap.it/Biscardi.htm
3573 bytes free*http://www.drzap.it/O_3573_bytes_free.htm
Bisceglia, Michele*http://www.drzap.it/O_Bisceglia.htm
Bisio, Claudio*http://www.drzap.it/O_Bisio.htm
Cacioppo, Giovanni*http://www.drzap.it/O_Cacioppo.htm
Chiellini, Cristina*http://www.drzap.it/O_Chiellini.htm
Caffeina*http://www.drzap.it/O_Caffeina.htm
Chiorbaciov*http://www.drzap.it/O_Bonechi.htm
Calicchia, Claudio*http://www.drzap.it/O_calicchia.htm
Chirico, Flavio*http://www.drzap.it/O_Chirico.htm
Caluri, Umberto*http://www.drzap.it/O_Caluri.htm
Chr0m3*http://www.drzap.it/O_Chr0m3.htm
Calvino, Italo*http://www.drzap.it/O_Calvino.htm
Christian Du Du*http://www.drzap.it/O_ChristianDuDu.htm
Camabrillo (Ban Keith Moon)*http://www.drzap.it/O_Camabrillo.htm
Churchill*http://www.drzap.it/O_Church.htm
Cameriere, Enrico Antonio*http://www.drzap.it/O_Cameriere.htm
Ciaci Kinder *http://www.drzap.it/O_ElCiaci.htm
Cami, Pierre*http://www.drzap.it/O_Cami.htm
Ciantini, Sauro *http://www.drzap.it/O_Ciantini.htm
Camillieri, Marco*http://www.drzap.it/O_Camillieri.htm
Cicchello & Colombo*http://www.drzap.it/O_Cicchello.htm
Campagna, Pino*http://www.drzap.it/O_Campagna.htm
CiccioGià*http://www.drzap.it/O_CiccioGia.htm
Campanile, Achille*http://www.drzap.it/O_Campanile.htm
Cicerone, Marco Tullio*http://www.drzap.it/F_Cicerone.htm
Campinoti, Carlo*http://www.drzap.it/O_Campinoti.htm
Cinemaniaco*http://www.drzap.it/O_Cinemaniaco.htm
Camus, Albert*http://www.drzap.it/O_Camus.htm
Cinico e Baro*http://www.drzap.it/O_cinico_baro.htm
Cananzi, Paolo*http://www.drzap.it/O_Canan.htm
Cioran, Emile-Michel*http://www.drzap.it/O_Cioran.htm
Canetti, Elias*http://www.drzap.it/O_Canett.htm
Cirilli, Gabriele*http://www.drzap.it/O_Cirilli.htm
Canzano, Fabrizio*http://www.drzap.it/O_Canzano.htm
Cisco  (7)*http://www.drzap.it/O_Cisco.htm
Capelli ‘Kap’ Alberto*http://www.drzap.it/O_Capelli.htm
Citelli, Roberto*http://www.drzap.it/O_Citelli.htm
Caporali, Mimmo*http://www.drzap.it/O_Caporali.htm
Cityman*http://www.drzap.it/O_Cityman.htm
Cappai, Alessandro*http://www.drzap.it/O_Cappai.htm
Civitelli, Barbara*http://www.drzap.it/O_Civitelli.htm
Cappelletti, Franco*http://www.drzap.it/O_Kappa.htm
Clappey, Carla*http://www.drzap.it/O_Clappey.htm
Cappello, Valeriano*http://www.drzap.it/O_Cappello.htm
Clarke, Arthur C.*http://www.drzap.it/O_Clarke.htm
Caprari, Antonio*http://www.drzap.it/O_Caprari.htm
Claudel, Paul*http://www.drzap.it/O_Claudel.htm
Capus, Alfred*http://www.drzap.it/O_Capus.htm
Clemente, Alessandro (Serena Gandhi)*http://www.drzap.it/O_serena_gandhi.htm
Carapezza, Fabio*http://www.drzap.it/O_Carapezza.htm
Clericetti, Guido*http://www.drzap.it/O_Clericetti.htm
140caratteracci*http://www.drzap.it/O_140caratteracci.htm
Clone, George*http://www.drzap.it/O_Clone.htm
Carbuncle*http://www.drzap.it/O_Carbuncle.htm
Cocco, Francesco*http://www.drzap.it/O_Cocco.htm
Carey, Drew*http://www.drzap.it/O_Carey.htm
Coco*http://www.drzap.it/O_Coco.htm
Carli, Diego*http://www.drzap.it/O_Carli.htm
cocosauro*http://www.drzap.it/O_cocosauro.htm
Carlin*http://www.drzap.it/O_Carlin.htm
Cocteau, Jean*http://www.drzap.it/O_Cocteau.htm
Carlocinco*http://www.drzap.it/O_Carlocinco.htm
Coelho, Paulo*http://www.drzap.it/O_Coelho.htm
Carocci, Andrea*http://www.drzap.it/O_Carocci.htm
Coiro, Luca*http://www.drzap.it/O_Coiro.htm
100%Carogna*http://www.drzap.it/O_100percentoCarogna.htm
Col, Francesco*http://www.drzap.it/O_Col.htm
Carota, Massimo*http://www.drzap.it/O_Carota.htm
Coleridge, Samuel Taylor*http://www.drzap.it/O_Coleridge.htm
Carson, Johnny*http://www.drzap.it/O_Carson.htm
Coluche*http://www.drzap.it/O_Coluche.htm
Caruana, Claudio*http://www.drzap.it/O_Caruana.htm
Comeprincipe*http://www.drzap.it/O_Comeprincipe.htm
Caruso, Pino*http://www.drzap.it/O_Caruso.htm
Concy*http://www.drzap.it/O_Concy.htm
Casabianca, Stefano (Strato Sferico)*http://www.drzap.it/O_StratoSferico.htm
Confucio (27)*http://www.drzap.it/F_Confuc.htm
Casadei, Lino*http://www.drzap.it/O_Casadei.htm
Congia, Carlo*http://www.drzap.it/O_Congia.htm
Casella, Claudio*http://www.drzap.it/O_Casella.htm
Conteddu, Antoni  (antonicont)*http://www.drzap.it/O_Conteddu.htm
Caseri, Luigi*http://www.drzap.it/O_Caseri.htm
Contemori, Lido*http://www.drzap.it/O_Contemori.htm
Casini, Marco*http://www.drzap.it/O_Casini.htm
Corigliano, Fabio*http://www.drzap.it/O_Corigliano.htm
Casoni, Giampiero*http://www.drzap.it/O_Casoni.htm
Cornacchione, Antonio*http://www.drzap.it/O_Cornacchione.htm
Cassini, Dario*http://www.drzap.it/O_Cassini_Dario.htm
Cortese, Gioacchino  (Jackbass68)*http://www.drzap.it/O_jackbass.htm
Cassini, Riccardo*http://www.drzap.it/O_Cassini.htm
Cortese, Yan Gianni*http://www.drzap.it/O_Cortese.htm
Castracani, Castruccio*http://www.drzap.it/O_Castracani.htm
Cosby, Bill  *http://www.drzap.it/O_Cosby.htm
Cattive Maniere*http://www.drzap.it/O_Pisani.htm
Coscetti, Valerio*http://www.drzap.it/O_Coscetti.htm
Cavalera, Daniele*http://www.drzap.it/O_Cavalera.htm
Cosentino, Sergio*http://www.drzap.it/O_Cosentino.htm
Cavallari, Fabio*http://www.drzap.it/O_Cavallari.htm
Costa*http://www.drzap.it/O_CostaE.htm
Cavalli Marci*http://www.drzap.it/O_CM.htm
Cavanna, François *http://www.drzap.it/O_Cavanna.htm
Costantino, Francesco*http://www.drzap.it/O_Costantino.htm
Cavarra, Pierluigi*http://www.drzap.it/O_Cavarra.htm
Costanzo, Maurizio *http://www.drzap.it/O_Costanzo.htm
Cavezzali, Massimo *http://www.drzap.it/O_Cavezzali.htm
Courbert, Gedeone*http://www.drzap.it/O_Courbert.htm
Cè, Fabio*http://www.drzap.it/O_Ce.htm
Courteline, Georges *http://www.drzap.it/O_Courte.htm
Ceccon, Davide*http://www.drzap.it/O_Ceccon.htm
Covatta, Antonio*http://www.drzap.it/O_Antonio_Covatta.htm
Cechov, Anton*http://www.drzap.it/O_Cechov.htm
Covatta*http://www.drzap.it/O_Covatt.htm
Celi, Lia*http://www.drzap.it/O_Celi.htm
Crapule*http://www.drzap.it/O_crapule.htm
Celiliaci*http://www.drzap.it/O_Celiliaci.htm
Cremona, Raul  (Omen-Mago Oronzo)*http://www.drzap.it/O_Cremona.htm
Cellini, Giovanni*http://www.drzap.it/O_Cellini.htm
Criscuolo, Angela*http://www.drzap.it/O_Criscuolo.htm
Cerfeda, Manuel*http://www.drzap.it/O_Cerfeda.htm
Croce, Benedetto*http://www.drzap.it/O_Croce.htm
Ceronetti, Guido*http://www.drzap.it/O_Ceronetti.htm
Crocetta, Fabio*http://www.drzap.it/O_Crocetta.htm
Cervantes, Miguel De*http://www.drzap.it/O_Cervantes.htm
Cronauer*http://www.drzap.it/O_cronauer.htm
Cetty Dalì (ItsCetty)*http://www.drzap.it/O_itscetty.htm
Crozza, Maurizio *http://www.drzap.it/O_Crozza.htm
Cevoli, Paolo (alias Palmiro Cangini)*http://www.drzap.it/O_Cevoli_Cangini.htm
Cruel (Carlo Crudele)*http://www.drzap.it/O_Cruel.htm
Chanel, Coco*http://www.drzap.it/O_Chanel.htm
Crystal, Billy *http://www.drzap.it/O_Crystal.htm
Chaplin, Charlie*http://www.drzap.it/O_Chaplin.htm
CSFA*http://www.drzap.it/O_CSFA.htm
Chesterton, Gilbert K. *http://www.drzap.it/O_Chesterton.htm
Cucciari, Geppi*http://www.drzap.it/O_Cucciari.htm
Chiambretti, Piero *http://www.drzap.it/O_Chiambretti.htm
CurrentiCalamo*http://www.drzap.it/O_CurrentiCalamo.htm
Chiappini, Gianluca*http://www.drzap.it/O_Chiappini.htm
Curtoni, Emilio *http://www.drzap.it/O_Curton.htm
Chiari, Walter*http://www.drzap.it/O_Chiari.htm
Dac, Pierre*http://www.drzap.it/O_Dac.htm
Desproges, Pierre*http://www.drzap.it/O_Desproges.htm
D’Alfonso, Bruno*http://www.drzap.it/O_Dalfonso.htm
De Valckenaere, Julien*http://www.drzap.it/O_Valcke.htm
D’Amico, Dino*http://www.drzap.it/O_Damico.htm
De Vauvenargues, Luc*http://www.drzap.it/O_deVauvenargues.htm
Dan11*http://www.drzap.it/O_dan11.htm
De Vincenzi, Francesco  (francescodevin)*http://www.drzap.it/O_soloconuncane.htm
Dandini, Serena*http://www.drzap.it/O_Dandini.htm
De Vries, Peter*http://www.drzap.it/O_DeVries.htm
Dangerfield, Rodney*http://www.drzap.it/O_Dangerfield.htm
Diavolo*http://www.drzap.it/O_Diavolo.htm
Dante (Luigi Bonelli)*http://www.drzap.it/O_Dante.htm
Dibenedetto, Francesco*http://www.drzap.it/O_Frandiben.htm
Darix*http://www.drzap.it/O_Darix.htm
Dickens, Charles*http://www.drzap.it/O_Dickens.htm
Davico, Augusto*http://www.drzap.it/O_Davico.htm
Diderot, Denis*http://www.drzap.it/O_Diderot.htm
David di Tivoli*http://www.drzap.it/O_David_di_Tivoli.htm
Diego e Norma (Settimana Enigmistica)*http://www.drzap.it/Diego_e_Norma.htm
Davide Davide*http://www.drzap.it/O_davidedavide.htm
Di Gemma, Walter*http://www.drzap.it/O_Di_Gemma.htm
Davis, Bette*http://www.drzap.it/O_DavisB.htm
Di Giorgio, Silvio*http://www.drzap.it/O_DiGiorgio.htm
Davis, Jim  (Garfield)*http://www.drzap.it/O_DavisJ.htm
Di Iorio, Fabio*http://www.drzap.it/O_Diiori.htm
Daw*http://www.drzap.it/O_Daw.htm
Diller, Phyllis*http://www.drzap.it/O_Diller.htm
de Andre’, Fabrizio*http://www.drzap.it/O_DeAndre.htm
Di Matteo, Mariassunta*http://www.drzap.it/O_Dimatteo.htm
De Angelis, Marco*http://www.drzap.it/O_marcodeangelis.htm
Dimunno e Tamborrino*http://www.drzap.it/O_Dimunno.htm
De Angelis, Maurizio*http://www.drzap.it/O_De_Angelis.htm
Diomede, Pietro*http://www.drzap.it/O_Diomede.htm
De Angelis e Pozzoli*http://www.drzap.it/O_Pozzoli_DeAngelis.htm
Di Pietro, Antonio*http://www.drzap.it/O_DiPietro.htm
Dech Mauro  *http://www.drzap.it/O_mau_Dech.htm
Disraeli, Benjamin*http://www.drzap.it/O_Disraeli.htm
de Chamfort, Nicolas*http://www.drzap.it/O_Chamfo.htm
Di Stefano, Antonio*http://www.drzap.it/O_DiStefano.htm
De Collibus, Francesco*http://www.drzap.it/O_fdecollibus.htm
Di Tolve, Roberto*http://www.drzap.it/O_DiTolve.htm
De Crescenzo, Luciano*http://www.drzap.it/O_Decres.htm
Di Trocchio, Cesare*http://www.drzap.it/O_DiTrocchio.htm
Dee Dee (Rosario Puglisi)*http://www.drzap.it/O_DeeDee.htm
Di Vita, Andrea*http://www.drzap.it/O_Divita.htm
De Felice, Domenico (VonFelix)*http://www.drzap.it/O_VonFelix.htm
Di Vito, Roberto  (Robi Wan Kenobi)*http://www.drzap.it/O_DiVito.htm
De Filippo, Eduardo*http://www.drzap.it/O_De_Filippo_E.htm
DK-WAMP*http://www.drzap.it/O_DK-WAMP.htm
De Gaulle, Charles*http://www.drzap.it/O_DeGaulle.htm
Dodo©*http://www.drzap.it/O_Dodo%C2%A9.htm
Del Conte, Marco*http://www.drzap.it/O_Del_Conte.htm
Dolcetti, Viviana*http://www.drzap.it/O_vivianadolcetti.htm
D’Elia, Giuseppe*http://www.drzap.it/O_Delia.htm
Domina, Umberto*http://www.drzap.it/O_Domina.htm
Della Mea, Ivan*http://www.drzap.it/O_DellaM.htm
Dondindan*http://www.drzap.it/O_dondindan.htm
Della Noce, Marco*http://www.drzap.it/O_Della_Noce.htm
Donlione*http://www.drzap.it/O_donlione.htm
Dello Iacono, Vincenzo (Turbo-reset)*http://www.drzap.it/O_Dello_Iacono.htm
Donnay, Maurice*http://www.drzap.it/O_Donnay.htm
Demichelis, Aldo*http://www.drzap.it/O_Demichelis.htm
D’Orta, Marcello*http://www.drzap.it/O_Dorta.htm
De Pirro, Michele*http://www.drzap.it/O_Bertolotti-DePirro.htm
Dose, Antonello*http://www.drzap.it/O_Dose_Presta.htm
Demerzelev*http://www.drzap.it/O_Demerzelev.htm
Dossi, Carlo*http://www.drzap.it/O_Dossi.htm
Dempsey, John*http://www.drzap.it/O_Dempsey.htm
Doyle, Arthur Conan*http://www.drzap.it/O_Doyle.htm
Dentale, Claudio (Heliandros)*http://www.drzap.it/O_Heliandros.htm
Drusiani, Eros*http://www.drzap.it/O_Drusiani.htm
Denti, Alessandro*http://www.drzap.it/O_TheAubergine.htm
Dr. ICE*http://www.drzap.it/O_DrICE.htm
Dere Tano*http://www.drzap.it/O_Dere_Tano.htm
DrZap*http://www.drzap.it/O_DrZap.htm
De Régnier, Henri*http://www.drzap.it/O_Deregnier.htm
Du Du, Christian*http://www.drzap.it/O_DuDu.htm
De Rosa, Renato*http://www.drzap.it/O_De_Rosa.htm
Dumas, Alexandre, padre*http://www.drzap.it/O_Dumas_padre.htm
De Sade, Donatine Alphonse François*http://www.drzap.it/O_de_Sade.htm
Dumas, Alexandre, figlio*http://www.drzap.it/O_Dumas_figlio.htm
De Santis, Paolo*http://www.drzap.it/O_De_Santis.htm
Descartes, René*http://www.drzap.it/O_Descartes.htm
E_A_N-8*http://www.drzap.it/O_E_A_N-8.htm
Elroto*http://www.drzap.it/O_elroto.htm
Eco, Umberto  (51)*http://www.drzap.it/O_Eco.htm
Emerson, Ralph Waldo  (28)*http://www.drzap.it/O_Emerson.htm
Edelman*http://www.drzap.it/O_Edelman.htm
Emmeemmequaranta*http://www.drzap.it/O_Emmeemmequaranta.htm
Ef, Jasmin*http://www.drzap.it/O_Ef.htm
EngyOhEngy*http://www.drzap.it/O_EngyOhEngy.htm
egyzia*http://www.drzap.it/O_egyzia.htm
Enzofilia*http://www.drzap.it/O_enzofilia.htm
Einstein, Albert  (148)*http://www.drzap.it/F_Einstein.htm
Epicuro  (41)*http://www.drzap.it/F_Epicur.htm
Ela*http://www.drzap.it/O_ela.htm
Equus Insanus*http://www.drzap.it/O_Equus_Insanus.htm
El_buddy*http://www.drzap.it/O_El_buddy.htm
Erfonsinghelberg*http://www.drzap.it/O_Erfonsinghelberg.htm
El Ciaci (Ciaci Kinder)*http://www.drzap.it/O_ElCiaci.htm
Esar, Evan*http://www.drzap.it/O_Esar.htm
Elio e le Storie Tese*http://www.drzap.it/O_Elio.htm
Esaurito! (gplexousted)*http://www.drzap.it/O_gplexousted.htm
Ellekappa *http://www.drzap.it/O_Ellekappa.htm
E S’ciucaren*http://www.drzap.it/O_Esciucaren.htm
Elle Kat*http://www.drzap.it/O_ElleKat.htm
Esposito, Enrico (Paniruro)*http://www.drzap.it/O_Paniruro.htm
Elli, Alex*http://www.drzap.it/O_Elli.htm
Etzi, Marin’Ella*http://www.drzap.it/O_Etzi.htm
Elmorisco, Ilario*http://www.drzap.it/O_elmorisco.htm
Eugeni, Juri*http://www.drzap.it/O_Eugeni.htm
F4Fake1*http://www.drzap.it/O_F4Fake1.htm
Fioriti, Catia Disobbediente*http://www.drzap.it/O_Fioriti.htm
Faberbros*http://www.drzap.it/O_faberbros.htm
Fitzgiulio (@Ftzj)*http://www.drzap.it/O_Fitzgiulio.htm
Fabiano, Gigi*http://www.drzap.it/O_Fabiano.htm
Flaiano, Ennio  *http://www.drzap.it/O_Flaiano.htm
Fabozzi, Michele*http://www.drzap.it/O_Fabozzi.htm
Flaubert, Gustave*http://www.drzap.it/O_Flaubert.htm
Fachechi, Andrea*http://www.drzap.it/O_Fachechi.htm
Fo, Dario*http://www.drzap.it/O_Dario_Fo.htm
Faella, Enrico*http://www.drzap.it/O_Faella.htm
Fo, Jacopo*http://www.drzap.it/O_Jacopo_Fo.htm
Faletti, Giorgio  *http://www.drzap.it/O_Faletti.htm
Fodaroni, Mauro*http://www.drzap.it/O_Fodaroni.htm
Falcone, Gianni (Gianfalco)*http://www.drzap.it/O_Gianfalco.htm
Fois, Luca*http://www.drzap.it/O_Fois.htm
Fantoni, Gianni*http://www.drzap.it/O_Fantoni.htm
Folkel, Ferruccio*http://www.drzap.it/O_Folkel.htm
Farina, Anna Valentina (Va Lentina)*http://www.drzap.it/O_Farina.htm
Fontana, Fulvio*http://www.drzap.it/O_FulvioFontana.htm
Farmer, Philip Jose'*http://www.drzap.it/O_Farmer.htm
Fontana, Walter*http://www.drzap.it/O_Fontan.htm
Farnese, Daniela Dania*http://www.drzap.it/O_Farnese.htm
Ford, Henry*http://www.drzap.it/O_Ford.htm
Father McKenzie*http://www.drzap.it/O_FatherMcKenzie.htm
Foresi, Gianluca*http://www.drzap.it/O_Foresi.htm
Fazio, Fabio  *http://www.drzap.it/O_FAZIO.htm
Foresta, Michele  (Mago Forest)*http://www.drzap.it/O_Forest.htm
fdecollibus*http://www.drzap.it/O_fdecollibus.htm
Fornario, Francesca*http://www.drzap.it/O_Fornario.htm
Feel Ice*http://www.drzap.it/O_Feelice.htm
Foti, Cristina*http://www.drzap.it/O_Foti.htm
Ferilli, Sabrina*http://www.drzap.it/O_Ferilli.htm
France, Anatole*http://www.drzap.it/F_France.htm
Fechtner, Leopold*http://www.drzap.it/O_Fechtner.htm
Francesco81*http://www.drzap.it/O_Francesco81.htm
Fedro*http://www.drzap.it/O_Fedro.htm
Franchi, Franco  e Ingrassia, Ciccio*http://www.drzap.it/O_Franchi_Ingrassia.htm
Fellini, Federico*http://www.drzap.it/O_Fellini.htm
Franco, Pippo*http://www.drzap.it/O_PippoFranco.htm
Fernandez, Paola (La Ferdy)*http://www.drzap.it/O_Fernandez.htm
Frandiben (Francesco Dibenedetto)*http://www.drzap.it/O_Dibenedetto.htm
Ferrara, Pamela*http://www.drzap.it/O_Ferrara.htm
Franklin, Benjamin*http://www.drzap.it/O_Frankl.htm
Ferri, Fabrizio*http://www.drzap.it/O_Ferri.htm
Franzaroli, Giorgio*http://www.drzap.it/O_Franzaroli.htm
Ferrini, Ettore*http://www.drzap.it/O_Ferrini.htm
Frassanico, Paolo (Il Frassa)*http://www.drzap.it/O_Frassanito.htm
Feydeau, Georges*http://www.drzap.it/O_Feydeau.htm
Frassica, Nino  *http://www.drzap.it/O_Frassica.htm
Ficarra e Picone*http://www.drzap.it/O_Ficarra_Picone.htm
Fratantaro, Carmelo*http://www.drzap.it/O_Fratantaro.htm
Fichi d'India*http://www.drzap.it/O_Fichi.htm
Fratelli Lo Tumolo*http://www.drzap.it/O_LoTumolo.htm
Fields, William Claude*http://www.drzap.it/O_Fields.htm
Frator (Francesco Tortolone)*http://www.drzap.it/O_Frator.htm
filipio*http://www.drzap.it/O_filipio.htm
Freud, Sigmund*http://www.drzap.it/O_Freud.htm
Filonzi, Graziano*http://www.drzap.it/O_Filonzi.htm
Friss*http://www.drzap.it/O_Friss.htm
Fini, Massimo*http://www.drzap.it/O_Fini.htm
Frost, David  *http://www.drzap.it/O_Frostd.htm
Fiorello*http://www.drzap.it/O_Fiorello.htm
Frost, Robert Lee*http://www.drzap.it/O_Frostr.htm
Fiori, Fulvio*http://www.drzap.it/O_Fiori.htm
Fuller, Thomas*http://www.drzap.it/O_Fuller.htm
Fiorillo, Maurizio*http://www.drzap.it/O_Fiorillo.htm
Furnari, Francesco*http://www.drzap.it/O_Furnari.htm
gab*http://www.drzap.it/O_gab.htm
Giraldo, Morena*http://www.drzap.it/O_Giraldo.htm
gabbbbro*http://www.drzap.it/O_gabbbbro.htm
Giuliani, Antonio*http://www.drzap.it/O_Giuliani.htm
Gaber, Giorgio*http://www.drzap.it/O_Gaber.htm
Giuliano*http://www.drzap.it/O_Giuliano.htm
Gabor, Zsa Zsa*http://www.drzap.it/O_Zsazsa.htm
Giunta, Michele*http://www.drzap.it/O_Giunta.htm
Galbraith, John Kenneth*http://www.drzap.it/O_Galbraith.htm
Giuntoni, Maurizio*http://www.drzap.it/O_Giuntoni.htm
Galli, Danilo*http://www.drzap.it/O_Galli.htm
Giusti, Lino*http://www.drzap.it/O_Giusti.htm
Gallio, Riccardo*http://www.drzap.it/O_Gallio.htm
GLMart (Giuseppe La Micela)*http://www.drzap.it/O_GLMart.htm
Galuzzi, Antonio*http://www.drzap.it/O_Galuzzi.htm
Gnocchi, Gene*http://www.drzap.it/O_Gnocchi.htm
Gambarotta, Bruno*http://www.drzap.it/O_Gambarotta.htm
Gobbo, Andrea*http://www.drzap.it/O_Gobbo.htm
Gandolin*http://www.drzap.it/O_Gandolin.htm
Goemon ishikawa*http://www.drzap.it/O_goemon.htm
garden*http://www.drzap.it/O_garden.htm
Goethe, Johann Wolfgang von*http://www.drzap.it/O_Goethe.htm
Gardin, Lucio*http://www.drzap.it/O_Gardin.htm
Goldwin, Samuel*http://www.drzap.it/O_Goldwi.htm
Garland Pollard, Judy*http://www.drzap.it/O_Garland.htm
Goncourt, Edmond e Jules de*http://www.drzap.it/O_Goncourt.htm
Gasparini, Mauro*http://www.drzap.it/O_Gasparini.htm
Gorini, Pietro*http://www.drzap.it/O_Gorini.htm
GaspErCarbonaro*http://www.drzap.it/O_GaspErCarbonaro.htm
Gorno, Stefano*http://www.drzap.it/O_Gorno.htm
Gassman, Vittorio*http://www.drzap.it/O_Gassman.htm
Gourmont, Rémy de*http://www.drzap.it/O_de_Gourmont.htm
Gavagna, Giuliano*http://www.drzap.it/O_Gavagna.htm
gplexousted (Esaurito!)*http://www.drzap.it/O_gplexousted.htm
Gavagnin, Marco (Gava)*http://www.drzap.it/O_Gavagnin.htm
Gracian Baltasar y Morales*http://www.drzap.it/O_Gracian.htm
Gavarone, Paolo (pagavaro)*http://www.drzap.it/O_Gavarone.htm
Grandi, Matteo*http://www.drzap.it/O_MatteoGrandi.htm
GD (G-darius)*http://www.drzap.it/O_GD.htm
Grassi, Marco*http://www.drzap.it/O_Grassi.htm
Genio78*http://www.drzap.it/O_Genio78.htm
gravitazero*http://www.drzap.it/O_gravitazero.htm
Gennai, Gioni*http://www.drzap.it/O_Gennai.htm
Greco, Gabriele Tortuga*http://www.drzap.it/O_Greco.htm
Genovese, Paco*http://www.drzap.it/O_Genovese.htm
Greco, Rosaria*http://www.drzap.it/O_Rosaria_Greco.htm
Gente Allegra  (*http://www.drzap.it/O_GenteAllegra.htm
Greggio, Ezio*http://www.drzap.it/O_Eziogreggio.htm
Gervaso, Roberto*http://www.drzap.it/O_Gervaso.htm
Greggio, Max*http://www.drzap.it/O_Maxgreggio.htm
Ghiaccio-nove*http://www.drzap.it/O_ghiaccio-nove.htm
Grillo, Beppe*http://www.drzap.it/O_GRILLO.htm
Ghisberto*http://www.drzap.it/O_Ghisberto.htm
Grimoaldo, Toraldo*http://www.drzap.it/O_CurrentiCalamo.htm
Giacobazzi, Giuseppe*http://www.drzap.it/O_Giacobazzi.htm
Grizzly*http://www.drzap.it/O_Grizzly.htm
Gialappa’s Band*http://www.drzap.it/O_Gialappa.htm
Groening*http://www.drzap.it/O_Simpso.htm
Gianfalco (Gianni Falcone)*http://www.drzap.it/O_Gianfalco.htm
Gross, Federico*http://www.drzap.it/O_Gross.htm
Gianlgab (Gianluca Gabellotti)*http://www.drzap.it/O_gianlgab.htm
Grossin, Frengo*http://www.drzap.it/O_Grossin.htm
Giannelli, Emilio*http://www.drzap.it/O_Giannelli.htm
Guadalupi, Teo*http://www.drzap.it/O_Guadalupi.htm
Giannelli, Ivan*http://www.drzap.it/O_Giannelli.htm
Guarino, Simonetta*http://www.drzap.it/O_Guarino.htm
Giannini, Luca*http://www.drzap.it/O_Giannini.htm
GuernYesterday, Marco*http://www.drzap.it/O_GuernYesterday.htm
Gibran, Kahlil*http://www.drzap.it/O_Gibran.htm
Guitry, Sacha*http://www.drzap.it/O_Guitry.htm
Gide, André*http://www.drzap.it/O_Gide.htm
Guizzi, Giuliana  (giulysua)*http://www.drzap.it/O_giulysua.htm
GiDi, Dario*http://www.drzap.it/O_GiDi.htm
Gungui, Simone*http://www.drzap.it/O_Gungui.htm
giga*http://www.drzap.it/O_giga.htm
Gurel, Oguz*http://www.drzap.it/O_Gurel.htm
giggi delirio *http://www.drzap.it/O_giggi.htm
Guru*http://www.drzap.it/O_Guru.htm
GI_GI_TO*http://www.drzap.it/O_GI_GI_TO.htm
Guttolo (Augusto Rasori)*http://www.drzap.it/O_Guttolo.htm
Gilli, Fabrizio*http://www.drzap.it/O_Gilli.htm
Guzzanti, Corrado*http://www.drzap.it/O_Guzzanti_Corrado.htm
Ginca, Stean*http://www.drzap.it/O_Ginca.htm
Guzzanti, Sabina*http://www.drzap.it/O_GuzzantiSabina.htm
Gino & Michele*http://www.drzap.it/O_Ginomi.htm
Giovenale*http://www.drzap.it/O_Giovenale.htm
Handey, Jack*http://www.drzap.it/O_Handey.htm
Hart, Johnny*http://www.drzap.it/O_Hart.htm
Hawking, Stephen*http://www.drzap.it/O_Hawking.htm
Hazlitt, William*http://www.drzap.it/O_Hazlitt.htm
Heine, Heinrich   (21) *http://www.drzap.it/O_Heine.htm
Heinlein, Robert A.  (50)*http://www.drzap.it/O_Heinle.htm
Heliandros*http://www.drzap.it/O_heliandros.htm
Hell Sante*http://www.drzap.it/O_HellSante.htm
Hemingway, Ernest*http://www.drzap.it/O_Hemingway.htm
Hendel, Paolo  (17)*http://www.drzap.it/O_Hendel.htm
Hesse, Hermann*http://www.drzap.it/O_Hesse.htm
Hitchcock, Alfred*http://www.drzap.it/O_Hitchcock.htm
Hitler, Adolf*http://www.drzap.it/O_Hitler.htm
Hope, Bob   (15) *http://www.drzap.it/O_Hope.htm
Hubbard, Elbert  (18) *http://www.drzap.it/O_Hubbar.htm
Hubbard, Kin*http://www.drzap.it/O_Hubbard_K.htm
Hubner, Alex*http://www.drzap.it/O_Hubner.htm
Hugo, Victor*http://www.drzap.it/O_Hugo.htm
Huxley, Aldous   (16) *http://www.drzap.it/O_Huxley.htm
Iaccarino, Antonello*http://www.drzap.it/O_Iaccarino.htm
Il Vocazzolario della Lingua Italiana*http://www.drzap.it/O_Vocazzolario.htm
Iacobellis, Luigi  (PeggioSatira)*http://www.drzap.it/O_Peggiosatira.htm
Imperatore, Pino*http://www.drzap.it/O_Imperatore.htm
Iacchetti, Enzo *http://www.drzap.it/O_Iacche.htm
inismor*http://www.drzap.it/O_inismor.htm
Iannicelli, Gabriele*http://www.drzap.it/O_Iannicelli.htm
In Mino Veritas*http://www.drzap.it/O_Tarantino.htm
Iddio*http://www.drzap.it/O_Iddio.htm
Insopportabile*http://www.drzap.it/O_Insopportabile.htm
IdeeXscrittori (L’Ideota)*http://www.drzap.it/O_ideexscrittori.htm
Iodice, Eugenio*http://www.drzap.it/O_Iodice.htm
Igor (Facebook)*http://www.drzap.it/O_Igor.htm
Ionesco, Eugène *http://www.drzap.it/O_Ionesc.htm
Il Bastardo*http://www.drzap.it/O_Il_Bastardo.htm
Io parlo savonese*http://www.drzap.it/O_Savonese.htm
Il Brillante*http://www.drzap.it/O_Il_Brillante.htm
Ippoliti, Gianni *http://www.drzap.it/O_Ippoliti.htm
Ilduca*http://www.drzap.it/O_ilduca.htm
istintomaximo*http://www.drzap.it/O_istintomaximo.htm
Il mago di Floz*http://www.drzap.it/O_ilmagodifloz.htm
ItaloTalebano  (SatiraAmara)*http://www.drzap.it/O_SatiraAmara.htm
IlMarziano*http://www.drzap.it/O_IlMarziano.htm
ItsCetty (Cetty D.)*http://www.drzap.it/O_ItsCetty.htm
Il Peggio*http://www.drzap.it/O_Il_Peggio.htm
Il Puttanaio (bruno)*http://www.drzap.it/O_Il_Puttanaio.htm
Jackbass68*http://www.drzap.it/O_jackbass.htm
Jannacci, Enzo *http://www.drzap.it/O_Jannacci.htm
J.B.*http://www.drzap.it/O_JB.htm
Jefferson, Thomas*http://www.drzap.it/O_Jefferson.htm
Jena*http://www.drzap.it/O_Jena.htm
Jeni, Richard *http://www.drzap.it/O_Jeni.htm
Jerome, Jerome K. *http://www.drzap.it/O_Jerome.htm
Jobs, Steve*http://www.drzap.it/O_Jobs.htm
Joe Wine*http://www.drzap.it/O_Joe_Wine.htm
John Smith*http://www.drzap.it/O_John_Smith.htm
Johnson, Samuel *http://www.drzap.it/O_Johnson.htm
Jones, Franklin P.*http://www.drzap.it/O_Jones.htm
Jong, Erica *http://www.drzap.it/O_Jong.htm
Joyce, James *http://www.drzap.it/O_Joyce.htm
Kafka, Franz *http://www.drzap.it/O_Kafka.htm
Kiraz, Edmond *http://www.drzap.it/O_Kiraz.htm
Kappa franco *http://www.drzap.it/O_Kappa.htm
Kissinger, Henry *http://www.drzap.it/O_Kissinger.htm
Karr, Alphonse*http://www.drzap.it/O_Karr.htm
Kitkars, Steve*http://www.drzap.it/O_Kitkars.htm
Kaspo, Luca*http://www.drzap.it/O_kaspo.htm
Klobas, Luca*http://www.drzap.it/O_Klobas.htm
Kennedy, Florynce*http://www.drzap.it/O_Florynce_Kennedy.htm
Klugman, Jack*http://www.drzap.it/O_Klugma.htm
Kennedy, John F.*http://www.drzap.it/O_Kennedy.htm
Kojonsky*http://www.drzap.it/O_Kojonsky.htm
Kennedy, Robert*http://www.drzap.it/O_Kennedy2.htm
Kra, Davide*http://www.drzap.it/O_Kra.htm
Kermit103*http://www.drzap.it/O_Kermit103.htm
Krancic, Alfio *http://www.drzap.it/O_Krancic.htm
Keroppi*http://www.drzap.it/O_Keroppi.htm
kranio*http://www.drzap.it/O_kranio.htm
Kerr, Jean *http://www.drzap.it/O_Kerr.htm
Kraus, Karl *http://www.drzap.it/O_Kraus.htm
King, Martin Luther*http://www.drzap.it/O_King.htm
Kuczynski, Pawel*http://www.drzap.it/O_Kuczynski.htm
Kipling, Rudyard*http://www.drzap.it/O_Kipling.htm
Kuerkulis*http://www.drzap.it/O_Kuerkulis.htm
Labbufala*http://www.drzap.it/O_Labbufala.htm
Letterman, David*http://www.drzap.it/O_Letterman.htm
La Bruyère, Jean de*http://www.drzap.it/O_La%20Bruy%8Fre.htm
Levinson, Leonard L.*http://www.drzap.it/O_Levinson.htm
Lai, Massimiliano*http://www.drzap.it/O_Lai.htm
Levi Montalcini, Rita*http://www.drzap.it/O_Levi-Montalcini.htm
La Micela, Giuseppe (GLMart)*http://www.drzap.it/O_GLMart.htm
Levi Sandri, Paolo (PLS)*http://www.drzap.it/O_PLS.htm
Landoni, Mirko*http://www.drzap.it/O_Landoni.htm
Lewis, Jerry*http://www.drzap.it/O_Lewis.htm
Lanna, Adamo *http://www.drzap.it/O_Lanna.htm
‘lFoda  (Mauro Fodaroni)*http://www.drzap.it/O_Fodaroni.htm
LaPausaCaffe*http://www.drzap.it/O_LaPausaCaffe.htm
Lichtenberg, Georg Christoph*http://www.drzap.it/O_Lichtenberg.htm
Lapelouse, Arianne*http://www.drzap.it/O_Lapelouse.htm
Link Divertenti*http://www.drzap.it/O_Link_Divertenti.htm
La Rouge*http://www.drzap.it/O_larouge.htm
L’Innominato*http://www.drzap.it/O_Linnominato.htm
Larson, Doug*http://www.drzap.it/O_Larson.htm
Littizzetto, Luciana*http://www.drzap.it/O_Littiz.htm
Lattanzi, Vittorio*http://www.drzap.it/O_Lattanzi.htm
Longanesi, Leo*http://www.drzap.it/O_Longan.htm
Laurenti, Luca*http://www.drzap.it/O_Laurenti.htm
Longobardi, Alessandro*http://www.drzap.it/O_Longobardi.htm
Law*http://www.drzap.it/O_Law.htm
Lops (Lopezzone)*http://www.drzap.it/O_Parrilla.htm
Lebowitz, Fran*http://www.drzap.it/O_Lebowitz.htm
Lo stronzo abusivo*http://www.drzap.it/O_lostronzoabusivo.htm
Lec, Stanislaw*http://www.drzap.it/O_LEC.htm
Losveglio, Eddie (donlione)*http://www.drzap.it/O_donlione.htm
Lembke, Robert*http://www.drzap.it/O_Lembke.htm
Lottini, Stefano*http://www.drzap.it/O_Lottini.htm
Leno, Jay*http://www.drzap.it/O_Leno.htm
Lowerome, Giulio *http://www.drzap.it/O_lowerome.htm
Léautaud, Paul*http://www.drzap.it/O_L%C3%A9autaud.htm
Lucher, Nicoletta*http://www.drzap.it/O_Lucher.htm
Lebuskj, Chuchu*http://www.drzap.it/O_Lebuskj.htm
Lucyinthesky*http://www.drzap.it/O_lucyinthesky.htm
Le Moli, Andrea Udu*http://www.drzap.it/O_Le_Moli.htm
L’uomo che sussurrava ai link*http://www.drzap.it/O_Luomochesussurrava.htm
Leonte, Ivan*http://www.drzap.it/O_Leonte.htm
Lupini, Armando*http://www.drzap.it/O_Lupini.htm
Leopardi, Giacomo*http://www.drzap.it/O_Leopardi.htm
Lupu Ululà*http://www.drzap.it/O_LupuUlula.htm
Leopardi Wallyci, Valeria*http://www.drzap.it/O_Wallyci_Leopardi.htm
Luttazzi, Daniele*http://www.drzap.it/O_Luttazzi.htm
Lepore, Gian Piero*http://www.drzap.it/O_Lepore.htm
LVIX*http://www.drzap.it/O_LVIX.htm
Lercio Notizie*http://www.drzap.it/O_Lercio.htm
M4gny*http://www.drzap.it/O_m4gny.htm
Mezzina, Diletta*http://www.drzap.it/O_Mezzina.htm
Maccari, Mino*http://www.drzap.it/O_Maccari.htm
MGF (Marco Gaucho Filippi)*http://www.drzap.it/O_MGF.htm
Macheda, Gianni*http://www.drzap.it/O_Macheda.htm
Micalizzi, Maria*http://www.drzap.it/O_Micalizzi.htm
Madonna*http://www.drzap.it/O_Madonna.htm
Miccolis, Giuseppe  (sisivabbe)*http://www.drzap.it/O_sisivabbe.htm
Magnasciutti, Fabio*http://www.drzap.it/O_Magnasciutti.htm
Michielotto, Andrea*http://www.drzap.it/O_Michielotto.htm
Magni, Gianni*http://www.drzap.it/O_Magni.htm
Micro Satira*http://www.drzap.it/O_Micro_Satira.htm
Magnifico, Frank*http://www.drzap.it/O_Magnifico.htm
Midler, Bette*http://www.drzap.it/O_Midler.htm
Mago Forest (Michele Foresta)*http://www.drzap.it/O_Forest.htm
Miele, VisionAir Roberto*http://www.drzap.it/O_Miele.htm
Maice*http://www.drzap.it/O_Maice.htm
Migone, Paolo*http://www.drzap.it/O_Migone.htm
Makaresko, Boris*http://www.drzap.it/O_Makaresko.htm
Miguel Mosè *http://www.drzap.it/O_mose.htm
Mallamo, Anna (alias Manginobrioches)*http://www.drzap.it/O_manginobrioches.htm
Milani, Maurizio*http://www.drzap.it/O_Milani.htm
Mancini, Paola*http://www.drzap.it/O_Mancini.htm
Milian, Tomas*http://www.drzap.it/O_Milian.htm
Mancuerda*http://www.drzap.it/O_Mancuerda.htm
milingopapa*http://www.drzap.it/O_Ricchiuto.htm
Manera, Leonardo*http://www.drzap.it/O_Manera.htm
Milito, Tiziana*http://www.drzap.it/O_Milito.htm
Mangia Binari (Manuel Bongiorni)*http://www.drzap.it/O_Bongiorni.htm
Milko*http://www.drzap.it/O_DallaBattista.htm
Mangione, Max*http://www.drzap.it/O_Mangione.htm
Miller, Dennis*http://www.drzap.it/O_Dennis_Miller.htm
Manglaviti, Luigi (Ilmangla)*http://www.drzap.it/O_Manglaviti.htm
Miller, Henry*http://www.drzap.it/O_Miller.htm
Mangosi, Roberto*http://www.drzap.it/O_Mangosi.htm
Milligan, Spike*http://www.drzap.it/O_Millig.htm
Mannino, Teresa*http://www.drzap.it/O_Mannino.htm
Mimì, Domenico Ippolito*http://www.drzap.it/O_Mimi.htm
Mantovan, Alexandro*http://www.drzap.it/O_Mantovan.htm
Minguz*http://www.drzap.it/O_Minguz.htm
Manzoni, Alessandro*http://www.drzap.it/O_Manzoni.htm
Minoli, Gino*http://www.drzap.it/O_Minoli.htm
Maramotti, Danilo*http://www.drzap.it/O_Maramotti.htm
Minutolo, Renato*http://www.drzap.it/O_Minutolo.htm
Maranzano, Fulvio*http://www.drzap.it/O_Maranzano.htm
Mirandola, Vasco*http://www.drzap.it/O_Mirand.htm
Marchesi, Marcello*http://www.drzap.it/O_Marchesi.htm
Miss K la PP*http://www.drzap.it/O_Miss_K_la_PP.htm
Marchesi, Mattia*http://www.drzap.it/O_Marchesi_Mattia.htm
Misterdonnie*http://www.drzap.it/O_Misterdonnie.htm
Marchetti, Davide*http://www.drzap.it/O_wawe.htm
Mix*http://www.drzap.it/O_Mix.htm
Marco dalla Sardegna*http://www.drzap.it/O_Marco%20dalla%20Sardegna.htm
Mizner, Wilson*http://www.drzap.it/O_Mizner.htm
Marcovecchio, Stefania*http://www.drzap.it/O_Marcovecchio.htm
Moglia, Gian Carlo*http://www.drzap.it/O_Moglia.htm
Marengo, Paolo*http://www.drzap.it/O_Marengo.htm
Moise (Paolo Moisello)*http://www.drzap.it/O_Moise.htm
Mari, Moreno*http://www.drzap.it/O_Mari.htm
Molière, Jean Baptiste*http://www.drzap.it/O_Moli%8Fre.htm
Marinelli, Elisio*http://www.drzap.it/O_Marinelli.htm
Molinari, Matteo*http://www.drzap.it/O_Molinari.htm
Marino, Pit Pietro*http://www.drzap.it/O_Marino.htm
Monduzzi, Gianni*http://www.drzap.it/O_Monduz.htm
Marione*http://www.drzap.it/O_Marione.htm
Monroe, Marilyn*http://www.drzap.it/O_Monroe.htm
Marti, Fabiano*http://www.drzap.it/O_Marti.htm
Montaigne*http://www.drzap.it/O_Montaigne.htm
Martin, Steve*http://www.drzap.it/O_Martin.htm
Montales, Franz*http://www.drzap.it/O_Montales1.htm
Marx, Fratelli*http://www.drzap.it/O_MARX.htm
Montanelli, Indro*http://www.drzap.it/O_Montan.htm
Marziale*http://www.drzap.it/O_Marziale.htm
Montesano, Enrico*http://www.drzap.it/O_Montesano.htm
Masini, Lucilla*http://www.drzap.it/O_Masini.htm
Montesquieu, Charles-Louis*http://www.drzap.it/O_Montesquieu.htm
Masse78*http://www.drzap.it/O_Masse78.htm
Montt, Alberto*http://www.drzap.it/O_Montt.htm
Massetani, Sergio ‘Masse’*http://www.drzap.it/O_Massetani.htm
Monty Python*http://www.drzap.it/O_MontyPython.htm
masss (Massimo Dalla Pola) (28)*http://www.drzap.it/O_masss.htm
Mora, Beppe*http://www.drzap.it/O_Mora.htm
Matteucci, Domenico (Matt)*http://www.drzap.it/O_Matteucci.htm
Morabito, Leo (george clone)*http://www.drzap.it/O_clone.htm
Mattiazzo, Maurizio (Maury Matt)*http://www.drzap.it/O_Maury_Matt.htm
Morand, Paul*http://www.drzap.it/O_Morand.htm
Mauceri, Lino*http://www.drzap.it/O_Mauceri.htm
Morandotti, Alessandro*http://www.drzap.it/O_Morand.htm
Mauro Dech*http://www.drzap.it/O_Mau_Dech.htm
Morbio, Matteo*http://www.drzap.it/O_Morbio.htm
Maugham, William Somerset*http://www.drzap.it/O_Maugham.htm
Mordicchio*http://www.drzap.it/O_Mordicchio.htm
MaurizioTrb*http://www.drzap.it/O_MaurizioTrb.htm
Mordillo, Guillermo*http://www.drzap.it/O_Mordillo.htm
Mauroemme*http://www.drzap.it/O_MM.htm
Moretti, Luca*http://www.drzap.it/O_Moretti.htm
Maury Matt*http://www.drzap.it/O_MauryMatt.htm
Morganti, Cristiano*http://www.drzap.it/O_Morganti.htm
Mazza, Alberto*http://www.drzap.it/O_Mazza.htm
Morresi, Davide*http://www.drzap.it/O_Morresi.htm
Mazzà, Alessandro  *http://www.drzap.it/O_Mazza'.htm
Morretti, Egidio*http://www.drzap.it/O_Morret.htm
Mazzoldi, Giorgio*http://www.drzap.it/O_Mazzol.htm
Morrison, Jim   (23)*http://www.drzap.it/F_Morris.htm
Melazzi, Giorgio*http://www.drzap.it/O_Melazzi.htm
Moschella, Peppe*http://www.drzap.it/O_Moschella.htm
Mencken, Henry Louis*http://www.drzap.it/O_Mencke.htm
Movimento 5 litri*http://www.drzap.it/O_M5L.htm
Meneghini, Massimo*http://www.drzap.it/O_Meneghini.htm
Mu Ho*http://www.drzap.it/O_Mu_Ho.htm
Meneguzzi, Chiara*http://www.drzap.it/O_Meneguzzi.htm
Mupo, Vincenzo*http://www.drzap.it/O_Mupo.htm
Menghevoli, Aldo*http://www.drzap.it/O_Menghevoli.htm
Muraro, Mario*http://www.drzap.it/O_Muraro.htm
Meniak (Giovanni Nebbia)*http://www.drzap.it/O_Nebbia.htm
Murchy, Eddie (a.mazed)*http://www.drzap.it/O_amazed.htm
Mente libera*http://www.drzap.it/O_Mentelibera.htm
Musso, Monica*http://www.drzap.it/O_Musso.htm
Merafino, Franco*http://www.drzap.it/O_Merafi.htm
Mussolini, Benito*http://www.drzap.it/O_Mussolini.htm
Merini, Alda*http://www.drzap.it/O_Merini.htm
Mutthleys*http://www.drzap.it/O_Mutthleys.htm
MestMuttèe Mazzarella Matteo*http://www.drzap.it/O_MestMuttee.htm
Mezzetti, Marco*http://www.drzap.it/O_Mezzetti.htm
Naima84*http://www.drzap.it/O_naima84.htm
Netti, Patrick*http://www.drzap.it/O_PatrickNetti.htm
Nanoalto*http://www.drzap.it/O_nanoalto.htm
NickBiussy*http://www.drzap.it/O_NickBiussy.htm
NAPI*http://www.drzap.it/O_NAPI.htm
Nietzsche, Friedrich  (71)   *http://www.drzap.it/O_Nietzsche.htm
Napoleone Bonaparte*http://www.drzap.it/O_Napoleone.htm
Nizza, Vincenzo*http://www.drzap.it/O_Nizza.htm
Nash, Ogden*http://www.drzap.it/O_Nash.htm
Nonfaretardi*http://www.drzap.it/O_Nonfaretardi.htm
Natangelo, Mario*http://www.drzap.it/O_Natangelo.htm
Nonleggerlo*http://www.drzap.it/O_nonleggerlo.htm
NateMyler*http://www.drzap.it/O_NateMyler.htm
Nordo, Giorgio*http://www.drzap.it/O_Nordo.htm
Natola, Virgilio*http://www.drzap.it/O_Natola.htm
Nosei, Stefano*http://www.drzap.it/O_Nosei.htm
Nava, Luca*http://www.drzap.it/O_Nava.htm
Novalis*http://www.drzap.it/F_Novalis.htm
Nebbia, Giovanni ‘Meniak’*http://www.drzap.it/O_Nebbia.htm
Novaro, Giovy*http://www.drzap.it/O_Novaro.htm
Nebiolo, Gino*http://www.drzap.it/O_Nebiolo.htm
Novelli, Luca*http://www.drzap.it/O_Novelli.htm
Neddi, Sergio*http://www.drzap.it/O_Neddi.htm
Novello, Gil*http://www.drzap.it/O_Novello.htm
Nefer*http://www.drzap.it/O_Nefer.htm
Nuccioni, Roberto*http://www.drzap.it/O_Nuccioni.htm
Negus*http://www.drzap.it/O_negus.htm
Nucnuc*http://www.drzap.it/O_Nucnuc.htm
Nespoli, Matteo*http://www.drzap.it/O_Nespoli.htm
Ojetti, Ugo*http://www.drzap.it/O_Ojetti.htm
Oltreuomo*http://www.drzap.it/O_Oltreuomo.htm
Ombri, Furio*http://www.drzap.it/O_Ombri.htm
Orazio Flacco*http://www.drzap.it/O_Orazio.htm
Orben, Robert*http://www.drzap.it/O_Orben.htm
Oreglio, Flavio *http://www.drzap.it/O_Oreglio.htm
Origone*http://www.drzap.it/O_Origone.htm
O’Brien, Conan*http://www.drzap.it/O_OBrien.htm
O’Rourke, P.J.*http://www.drzap.it/O_O'Rourke.htm
Ortes, Viola*http://www.drzap.it/O_Ortes.htm
Ortolani, Leo (Rat-Man)*http://www.drzap.it/O_Ortolani.htm
Orwell, George*http://www.drzap.it/O_Orwell.htm
Ossimorobiondo*http://www.drzap.it/O_Ossimorobiondo.htm
Ottomax (Massimo Ottavi)*http://www.drzap.it/O_Ottomax.htm
Ottovolante*http://www.drzap.it/O_Ottovolante.htm
Overlooki  (Tommaso Baldi) *http://www.drzap.it/O_overlooki.htm
Pacifico, Antonio*http://www.drzap.it/O_Pacifico.htm
Philotto*http://www.drzap.it/O_Philotto.htm
Paco d’Alcatraz*http://www.drzap.it/O_Paco.htm
Piazza, Vincenzo*http://www.drzap.it/O_Pallanzo.htm
Padoan, Pier Paolo*http://www.drzap.it/O_Padoan.htm
Pica, Manuel*http://www.drzap.it/O_Manuel_Pica.htm
Paladino, Antonio Giuseppe*http://www.drzap.it/O_Paladino.htm
Pica, Massimo*http://www.drzap.it/O_Pica.htm
Pali e Dispari*http://www.drzap.it/O_Pali.htm
Picasso, Pablo*http://www.drzap.it/O_Picasso.htm
Palladino, Gianni*http://www.drzap.it/O_Pallad.htm
Picciano, Antonio (_Pich_) *http://www.drzap.it/O_Picciano.htm
Pallanzo, Enotrio*http://www.drzap.it/O_Pallanzo.htm
Piccola fiammiferaia*http://www.drzap.it/O_fiammiferaia.htm
Palma, Patrizia*http://www.drzap.it/O_Palma.htm
Piccolo Principe alias Marco Camillieri  *http://www.drzap.it/O_Camillieri.htm
Pan, Lara*http://www.drzap.it/O_pan.htm
PierPad (Pier Paolo Padoan)*http://www.drzap.it/O_PierPad.htm
Panarello, Stellario*http://www.drzap.it/O_Panare.htm
Pier Paolo*http://www.drzap.it/O_PierPaolo.htm
Panariello, Giorgio*http://www.drzap.it/O_Panariello.htm
Pillinini, Nico*http://www.drzap.it/O_Pillinini.htm
Pane, Nello*http://www.drzap.it/O_Pane.htm
Pino e Gli Anticorpi*http://www.drzap.it/O_Pinoeglianticorpi.htm
Paniruro (Enrico Esposito)*http://www.drzap.it/O_Paniruro.htm
Pinziah  (Letizia Battaglia)*http://www.drzap.it/O_pinziah.htm
Paperini, Giuseppe (PaperGi) *http://www.drzap.it/O_Paperini.htm
Pippo Forever*http://www.drzap.it/O_PippoForever.htm
Paperoga Style*http://www.drzap.it/O_Paperoga_Style.htm
Pippo Franco*http://www.drzap.it/O_PippoFranco.htm
Paperon de’ Paperoni*http://www.drzap.it/O_Paperone.htm
Pirandello, Luigi*http://www.drzap.it/O_Pirandello.htm
Papu*http://www.drzap.it/O_Papu.htm
Pirata_21*http://www.drzap.it/O_Pirata_21.htm
Parassole, Diego*http://www.drzap.it/O_Parassole.htm
Pisani ‘Randomante’, Stefano*http://www.drzap.it/O_Pisani.htm
Parietti, Alba*http://www.drzap.it/O_Parietti.htm
Piscioneri, Antonio*http://www.drzap.it/O_Piscioneri.htm
Parker, Alan*http://www.drzap.it/O_Alan_Parker.htm
Piscitelli, Ignazio*http://www.drzap.it/O_Piscitelli.htm
Parker, Brant*http://www.drzap.it/O_Brant_Parker.htm
Pisu, Max*http://www.drzap.it/O_Pisu.htm
Parker, Dorothy*http://www.drzap.it/O_Parker.htm
Pitigrilli*http://www.drzap.it/O_Pitigrilli.htm
Parodi, Alberto (ZioAlbe)*http://www.drzap.it/O_ZioAlbe.htm
Pitrelli, Geronimo*http://www.drzap.it/O_Pitrelli.htm
Parrilla, Antonio (Lops) (Lopezzone)*http://www.drzap.it/O_Parrilla.htm
Platone  (13)*http://www.drzap.it/F_Platon.htm
Paronuzzi, Alessandro*http://www.drzap.it/O_Paronuzzi.htm
Plauto*http://www.drzap.it/O_Plauto.htm
Parziale, Paolo*http://www.drzap.it/O_Parziale.htm
Plutarco*http://www.drzap.it/F_Plutarco.htm
Pascal, Blaise*http://www.drzap.it/F_Pascal.htm
Poli, Christian*http://www.drzap.it/O_Poli_Christian.htm
Pasdan (Il Puttanaio)*http://www.drzap.it/O_pasdan.htm
Poli, Cinzia*http://www.drzap.it/O_Poli_Cinzia.htm
Pasini, Paolo*http://www.drzap.it/O_Pasini.htm
Poli, Paolo  e Omoboni, Ida*http://www.drzap.it/O_Poli.htm
Passarelli, Gianni*http://www.drzap.it/O_Passarelli.htm
Polpetta, Joe*http://www.drzap.it/O_JoePolpetta.htm
Passepartout, Gianfranco*http://www.drzap.it/O_Passepartout.htm
Pongo (Massimo Pongolini)  (7) *http://www.drzap.it/O_Pongo.htm
Paternoster, Alessandro*http://www.drzap.it/O_Paternoster.htm
Pontoglio, Kaino Paolo*http://www.drzap.it/O_Pontoglio.htm
Patroni, Gino*http://www.drzap.it/O_Patroni.htm
Pope, Alexander*http://www.drzap.it/O_Pope.htm
Patrucco, Antonio*http://www.drzap.it/O_Patrucco.htm
Porcu, Adriano*http://www.drzap.it/O_Porcu.htm
Pausa, Mino*http://www.drzap.it/O_Pausa.htm
Porro, Viviana*http://www.drzap.it/O_Porro.htm
Pavese, Cesare*http://www.drzap.it/O_Pavese.htm
Postofisso2012*http://www.drzap.it/O_postofisso2012.htm
Pazienza, Andrea*http://www.drzap.it/O_Pazienza.htm
Pozzoli & De Angelis*http://www.drzap.it/O_Pozzoli_DeAngelis.htm
Pazqo*http://www.drzap.it/O_Pazqo.htm
Prada, Stefano*http://www.drzap.it/O_Prada.htm
Pedron, Stefano*http://www.drzap.it/O_Pedron.htm
Pratchett, Terry*http://www.drzap.it/O_Pratchett.htm
PeggioSatira*http://www.drzap.it/O_PeggioSatira.htm
Premiata Ditta*http://www.drzap.it/O_PD.htm
Pellescura*http://www.drzap.it/O_Pellescura.htm
Presta, Marco (17)*http://www.drzap.it/O_Dose_Presta.htm
Pennac, Daniel*http://www.drzap.it/O_Pennac.htm
Prezzolini, Giuseppe*http://www.drzap.it/O_Prezzolini.htm
Pennasilico, Franco*http://www.drzap.it/O_Pennasilico.htm
Priamo*http://www.drzap.it/O_Priamo.htm
Penzo, Guido*http://www.drzap.it/O_Penzo.htm
Priapo*http://www.drzap.it/O_Priapo.htm
Peretti, Valerio*http://www.drzap.it/O_Perett.htm
Prochnow H. e Prochnow jr H.*http://www.drzap.it/O_Prochn.htm
Perfetti, Silvio*http://www.drzap.it/O_Perfetti.htm
Proust, Marcel*http://www.drzap.it/O_Proust.htm
Periferia Galattica*http://www.drzap.it/O_Mix.htm
puccio di luce*http://www.drzap.it/O_pucciodiluce.htm
Perri, Daniela*http://www.drzap.it/O_Perri.htm
Puddu, Massimiliano*http://www.drzap.it/O_Puddu.htm
Peter, Laurence J.*http://www.drzap.it/O_Peter.htm
Punterco, ZeudoMarco*http://www.drzap.it/O_Punterco.htm
Petrelli, Danilo*http://www.drzap.it/O_Petrelli.htm
purtroppo*http://www.drzap.it/O_purtroppo.htm
Petrolini, Ettore*http://www.drzap.it/O_Petrolini.htm
Philips, Emo*http://www.drzap.it/O_Philip.htm
Phillips, Bob*http://www.drzap.it/O_Philli.htm
Quatrini, Dario*http://www.drzap.it/O_Quatrini.htm
Quellilì*http://www.drzap.it/O_Quellil%93.htm
Quino*http://www.drzap.it/O_Quino.htm
Quozzamax*http://www.drzap.it/O_Quozzamax.htm
R [ D / L ] + 1*http://www.drzap.it/O_R%20%5b%20D%20-%20L%20%5d%20+%201.htm
Ricciarelli, Luca*http://www.drzap.it/O_Ricciarelli.htm
Raco, Daniele*http://www.drzap.it/O_Raco.htm
Ringo (Roberto dei Maltesi)*http://www.drzap.it/O_Ringo.htm
Raffaele, Massimo*http://www.drzap.it/O_massimoraffaele.htm
Rivers, Joan*http://www.drzap.it/O_Rivers.htm
Rafferty, Michael*http://www.drzap.it/O_Rafferty.htm
Riverso, Tiziano*http://www.drzap.it/O_Riverso.htm
Ragusa, Martino*http://www.drzap.it/O_Ragusa.htm
Rivoluzione Naturale*http://www.drzap.it/O_RivoluzioneNaturale.htm
Raimo, Ciro*http://www.drzap.it/O_Raimo.htm
Rizzuto, Francesco*http://www.drzap.it/O_Rizzuto.htm
Randall, Tony*http://www.drzap.it/O_Randal.htm
Roba da PDL*http://www.drzap.it/O_RobadaPDL.htm
rafrasnaffra*http://www.drzap.it/O_rafrasnaffra.htm
Robecchi, Alessandro *http://www.drzap.it/O_Robecchi.htm
Ragab, Cristiano*http://www.drzap.it/O_Ragab.htm
Robgere*http://www.drzap.it/O_robgere.htm
Rascel, Renato*http://www.drzap.it/O_Rascel.htm
Rocco il Gigolò*http://www.drzap.it/O_Rocco_Gigolo.htm
Rasori, Augusto (Guttolo)*http://www.drzap.it/O_Guttolo.htm
Rochefoucauld, Francois de la  (31)*http://www.drzap.it/F_Rochef.htm
Rastelli, Andrea*http://www.drzap.it/O_Rastelli.htm
Rock, Chris*http://www.drzap.it/O_Rock.htm
Ratti, Ciccio*http://www.drzap.it/O_Ciccioratti.htm
Rogers, Will*http://www.drzap.it/O_Rogers.htm
Razzetti, Emilio*http://www.drzap.it/O_Razzetti.htm
Rojetti, Guido*http://www.drzap.it/O_Rojetti.htm
Re, Adriana*http://www.drzap.it/O_Re.htm
Romaniello, Umberto*http://www.drzap.it/O_Romaniello.htm
Reagan, Ronald*http://www.drzap.it/O_Reagan.htm
Romano, Antonio*http://www.drzap.it/O_Romano.htm
Recchia, Bruno*http://www.drzap.it/O_Recchia.htm
Rosati, Francesco*http://www.drzap.it/O_Rosati.htm
Reggiani, Antonio*http://www.drzap.it/O_Antonio_Reggiani.htm
Rossetti, Giuliano*http://www.drzap.it/O_Rossetti.htm
Reggiani, Claudio*http://www.drzap.it/O_ClaudioReggiani.htm
Rossi, Davide*http://www.drzap.it/O_Rossi_Davide.htm
Reggiani, Renato *http://www.drzap.it/O_Reggiani.htm
Rossi, Paolo*http://www.drzap.it/O_Rossi.htm
Renard, Jules*http://www.drzap.it/O_Renard.htm
Rostand, Jean*http://www.drzap.it/O_Rostand.htm
ReNudo*http://www.drzap.it/O_ReNudo.htm
Roversi, Tiziano*http://www.drzap.it/O_Roversi.htm
Respect!*http://www.drzap.it/O_Respect!.htm
Rowland, Helen*http://www.drzap.it/O_Rowland.htm
Respighi rag. Ottorino*http://www.drzap.it/O_Respighi.htm
Rudner, Rita*http://www.drzap.it/O_Rudner.htm
Ricchiuto, Vincenzo*http://www.drzap.it/O_Ricchiuto.htm
Russell, Bertrand  (34)*http://www.drzap.it/O_Russell.htm
Ricci, Antonio*http://www.drzap.it/O_Ricci.htm
Striscia la Notizia*http://www.drzap.it/striscia.htm
Ricci, Roberto*http://www.drzap.it/O_Roberto_Ricci.htm
Sabatello, Flaminia*http://www.drzap.it/O_Sabatello.htm
Sgarbi, Vittorio*http://www.drzap.it/O_Sgarbi.htm
Sacchi, Giuliano*http://www.drzap.it/O_Argon_Sacchi.htm
Shakes, Ronnie*http://www.drzap.it/O_Shakes.htm
Saccomani, Andrea*http://www.drzap.it/O_Saccomani.htm
Shakespeare, William  (50)*http://www.drzap.it/O_Shakespeare.htm
Salimbene, Salvatore*http://www.drzap.it/O_Salimbene.htm
Shaw, Bernard*http://www.drzap.it/O_SHAW.htm
Salis, Lucio*http://www.drzap.it/O_Salis.htm
Shotinthedark*http://www.drzap.it/O_Shotinthedark.htm
Salvi, Francesco*http://www.drzap.it/O_Salvi.htm
Silvestri, Antonio (Tauro)*http://www.drzap.it/O_Tauro.htm
Sanfinix*http://www.drzap.it/O_Sanfinix.htm
Simeone, Rocco*http://www.drzap.it/O_Simeone.htm
Sanfrancesco, Francesco*http://www.drzap.it/O_Sanfrancesco.htm
Simon, Neil*http://www.drzap.it/O_Simon.htm
Sangalli, Maurizio*http://www.drzap.it/O_Sangal.htm
Simone UomoScrivania*http://www.drzap.it/O_Simone_UomoScrivania.htm
Saramadlud*http://www.drzap.it/O_Saramadlud.htm
I Simpsons (Matt Groening)*http://www.drzap.it/O_Simpso.htm
Sardo, Franco (Demerzelev)*http://www.drzap.it/O_Demerzelev.htm
Sisivabbe (Giuseppe Miccolis)*http://www.drzap.it/O_sisivabbe.htm
Sartre, Jean-Paul*http://www.drzap.it/O_Sartre.htm
Skalkotos, Stefano*http://www.drzap.it/O_Skalkotos.htm
Satira Amara*http://www.drzap.it/O_SatiraAmara.htm
Skander2*http://www.drzap.it/O_Skander2.htm
Satira Marcia*http://www.drzap.it/O_SatiraMarcia.htm
Skapigliato, Sandro*http://www.drzap.it/O_Skapigliato.htm
Satiraptus*http://www.drzap.it/O_Satiraptus.htm
Slartibartfast*http://www.drzap.it/O_Slartibartfast.htm
Satira Scadente*http://www.drzap.it/O_Satira_Scadente.htm
SnoopyTheWriter*http://www.drzap.it/O_SnoopyTheWriter.htm
SatirSfaction (Twitter) *http://www.drzap.it/O_Satyr_Sfaction.htm
Snowdog*http://www.drzap.it/O_Snowdog.htm
Satiricamente, sarcasticamente… (25)*http://www.drzap.it/O_Satiricamente.htm
Socrate (11)*http://www.drzap.it/F_Socrat.htm
Savalli, Alessandro Vittorio*http://www.drzap.it/O_Savalli.htm
Soldano, Giovanni Djanni*http://www.drzap.it/O_Soldano.htm
Sbarbaro, Camillo*http://www.drzap.it/O_Sbarbaro.htm
Solignani, Tiziano*http://www.drzap.it/O_Solignani.htm
Scalfari, Vincenzo*http://www.drzap.it/O_Scalfari.htm
Solla, Gianni*http://www.drzap.it/O_Solla.htm
Scaltrito, Gianluca*http://www.drzap.it/O_Scaltrito.htm
Soloconuncane*http://www.drzap.it/O_soloconuncane.htm
Scalzini, Simone*http://www.drzap.it/O_Scalzini.htm
Somma, Davide*http://www.drzap.it/O_Somma.htm
Scaratti, Silvia*http://www.drzap.it/O_Scaratti.htm
Sordi, Alberto*http://www.drzap.it/O_Sordi.htm
Scemifreddi Cabaret Congelato*http://www.drzap.it/O_Scemifreddi.htm
Soria, Gianni*http://www.drzap.it/O_Soria.htm
Scettri, Andrea (asc)*http://www.drzap.it/O_Scettri.htm
Soriano, Giovanni*http://www.drzap.it/O_Soriano.htm
Scheggia, Luisella (LVIX)*http://www.drzap.it/O_Lvix.htm
Spalmalacqua, prof.*http://www.drzap.it/O_Spalmalacqua.htm
Scheurmann, Erich*http://www.drzap.it/Papalagi.pdf
Spiffero, Francesco*http://www.drzap.it/O_Spiffero.htm
Schnitzler, Arthur*http://www.drzap.it/O_Schnitzler.htm
Sportelli, Daniele*http://www.drzap.it/O_Sportelli.htm
Schopenhauer, Arthur  (13)*http://www.drzap.it/F_Schope.htm
Squillante, Carlo*http://www.drzap.it/O_Squillante.htm
Schubert, Konrad*http://www.drzap.it/O_Schubert.htm
Staino, Sergio*http://www.drzap.it/O_Staino.htm
Schulz, Charles*http://www.drzap.it/O_Schulz.htm
Starace, Gian Maria*http://www.drzap.it/O_Starace.htm
Sciascia, Leonardo*http://www.drzap.it/O_Sciascia.htm
Starrynight*http://www.drzap.it/O_starrynight.htm
Scie comiche*http://www.drzap.it/O_Scie_Comiche.htm
Staserabrodino*http://www.drzap.it/O_Staserabrodino.htm
Scirio*http://www.drzap.it/O_Scirio.htm
Stefano__esse (t3x)*http://www.drzap.it/O_stefano__esse.htm
Sclavi, Tiziano (Dylan Dog)*http://www.drzap.it/O_Sclavi.htm
Stefanon, Mirco*http://www.drzap.it/O_Stefan.htm
Scopece, Rino*http://www.drzap.it/O_Scopece.htm
Stivali, Franco*http://www.drzap.it/O_Stivali.htm
Scoppetta, Ivan*http://www.drzap.it/O_Scoppetta.htm
Storti, Bebo*http://www.drzap.it/O_Storti.htm
Sdrumo (Elisa Lizzy Savonarola)*http://www.drzap.it/O_Sdrumo.htm
Straccameriggi (Jacopo Arrigoni)*http://www.drzap.it/O_straccameriggi.htm
Seinfeld, Jerry*http://www.drzap.it/O_Seinfeld.htm
Strato Sferico (Stefano Casabianca)*http://www.drzap.it/O_StratoSferico.htm
Seneca, Lucio Anneo (38)*http://www.drzap.it/F_Seneca.htm
Streisand, Barbra*http://www.drzap.it/O_Streisand.htm
Serafini, Roberto*http://www.drzap.it/O_Serafini.htm
Sugarelli, Massimo*http://www.drzap.it/O_Sugarelli.htm
Seravalle, Roberto (Bob Vespervalley)*http://www.drzap.it/O_Seravalle.htm
Su Lurisincu*http://www.drzap.it/O_SuLurisincu.htm
Serena Gandhi*http://www.drzap.it/O_serena_gandhi.htm
Svevo, Italo*http://www.drzap.it/O_Svevo.htm
Serra, Michele*http://www.drzap.it/O_Serra.htm
Swift, Jonathan*http://www.drzap.it/O_Swift.htm
Settembrini, Eddie*http://www.drzap.it/O_Settembrini.htm
Syusy Blady *http://www.drzap.it/O_SyusyBlady.htm
Severini, Giulio*http://www.drzap.it/O_Severini.htm
Szasz, Thomas*http://www.drzap.it/O_Szasz.htm
Sex Drugs Rockn’Roll*http://www.drzap.it/O_SexDrugs.htm
Sgarbi, Andrea*http://www.drzap.it/O_AndreaSgarbi.htm
Tacchi, Matteo*http://www.drzap.it/O_Tacchi.htm
Tomlin, Lily*http://www.drzap.it/O_Tomlin.htm
TacitoTumulto (Lino Mauceri)*http://www.drzap.it/O_Mauceri.htm
Tommy The Who*http://www.drzap.it/O_TommyTheWho.htm
Tacone*http://www.drzap.it/O_tacone.htm
Tonasso, Enrico*http://www.drzap.it/O_Tonasso.htm
Takki, Carlo (Mr_takki)*http://www.drzap.it/O_Takki.htm
Tonelli, Marco*http://www.drzap.it/O_Tonelli.htm
Tally (MollyTally)*http://www.drzap.it/O_Tally.htm
Toniazzo, Renata*http://www.drzap.it/O_Toniazzo.htm
Tanica, Rocco*http://www.drzap.it/O_Tanica.htm
Tonus, Marco*http://www.drzap.it/O_Tonus.htm
Tanuccio*http://www.drzap.it/O_Tanuccio.htm
Tont, James*http://www.drzap.it/O_Tont.htm
Tarantini, Matilde*http://www.drzap.it/O_Tarantini.htm
Totaro, Roberto (Tot)*http://www.drzap.it/O_Totaro.htm
Tarantino, Mino (In Mino Veritas)*http://www.drzap.it/O_Tarantino.htm
Toti & Tata*http://www.drzap.it/O_Totita.htm
Taurino, Antonello*http://www.drzap.it/O_Taurino.htm
Totò*http://www.drzap.it/O_TOTO.htm
Tauro (Antonio Silvestri)*http://www.drzap.it/O_Tauro.htm
Totolo, Daniele*http://www.drzap.it/O_Totolo.htm
Tecli, Maurizio  (17)*http://www.drzap.it/O_Tecli.htm
Toulet, Paul-Jean*http://www.drzap.it/O_Toulet.htm
Tedeschi, Dado*http://www.drzap.it/O_Tedeschi.htm
Tramutoli, Giancarlo*http://www.drzap.it/O_Tramutoli.htm
Tegon, Maria Luisa LaMolly*http://www.drzap.it/O_Tegon.htm
Trapattoni, Giovanni*http://www.drzap.it/O_Trap.htm
Tenebrosio  (Riccardo Brosio)*http://www.drzap.it/O_Brosio.htm
Travaglio, Marco*http://www.drzap.it/O_Travaglio.htm
Teocoli, Teo*http://www.drzap.it/O_Teocoli.htm
Trestini, Giorgio*http://www.drzap.it/O_Tresti.htm
Teomondo Scrofalo*http://www.drzap.it/O_Teomondo_Scrofalo.htm
Trilussa*http://www.drzap.it/O_Trilussa.htm
Terracchio, Pino*http://www.drzap.it/O_Terracchio.htm
Trinca Renato*http://www.drzap.it/O_Trinca.htm
Testadicoglione*http://www.drzap.it/O_Testadicoglione.htm
TristeMietitore*http://www.drzap.it/O_TristeMietitore.htm
Teste d’Arancia*http://www.drzap.it/O_Teste_d'Arancia.htm
Troisi, Massimo*http://www.drzap.it/O_Troisi.htm
Tex Willer (Gianluigi Bonelli)*http://www.drzap.it/O_Bonelli.htm
Trombetta Tromby, Carlo*http://www.drzap.it/O_Trombetta.htm
The Best In Satire*http://www.drzap.it/O_TheBestInSatire.htm
Trucco, Stefano (Kurt)*http://www.drzap.it/O_Trucco.htm
TheAubergine*http://www.drzap.it/O_TheAubergine.htm
Truman, Harry S.*http://www.drzap.it/O_Truman.htm
Tiamq*http://www.drzap.it/O_tiamq.htm
Tubino, Antonio *http://www.drzap.it/O_Tubino2.htm
Timoteo, Nando*http://www.drzap.it/O_Timoteo.htm
Turati, Carlo*http://www.drzap.it/O_Turati.htm
tinmartin*http://www.drzap.it/O_Tinmartin.htm
Tutte le cazzate del Presidente*http://www.drzap.it/O_Tutte%20le%20cazzate%20del%20Presidente.htm
Tiropratico*http://www.drzap.it/O_Tiropratico.htm
Tuwim, Julian*http://www.drzap.it/O_Tuwim.htm
Todaro, Michele*http://www.drzap.it/O_Todaro.htm
Twain, Mark*http://www.drzap.it/O_Twain.htm
Tofano, Salvatore (Stof) *http://www.drzap.it/O_Tofano.htm
TwitStupidario*http://www.drzap.it/O_TwitStupidario.htm
Toffolo, Lino*http://www.drzap.it/O_Toffolo.htm
Trovatarli   (13)*http://www.drzap.it/O_trovatarli.htm
Tognazzi, Ugo*http://www.drzap.it/O_Tognazzi.htm
Twittopolis*http://www.drzap.it/O_Twittopolis.htm
Togneri, Simone*http://www.drzap.it/O_Togneri.htm
Tolstoj, Lev*http://www.drzap.it/O_Tolstoj.htm
Ubertiello, Felice*http://www.drzap.it/O_Ubertiello.htm
Uccheddu, Mattia*http://www.drzap.it/O_Uccheddu.htm
Umb80*http://www.drzap.it/O_Umb80.htm
Umore Maligno*http://www.drzap.it/O_Umore_Maligno.htm
Umorismo Appena Colto (Roby Correnti*http://www.drzap.it/O_UmorismoAppenaColto.htm
Umorismodarotterdam (UdR) *http://www.drzap.it/O_umorismodarotterdam.htm
Un Vaffa al giorno ci togliera’ Silvio di torno (Facebook) *http://www.drzap.it/O_Un_Vaffa.htm
Ustinov, Peter *http://www.drzap.it/O_Ustinov.htm
Utoepia*http://www.drzap.it/O_utoepia.htm
Vaffagram*http://www.drzap.it/O_Vaffagram.htm
Vettore Tanziani, Dina*http://www.drzap.it/O_VettoreTanziani.htm
Vaime, Enrico*http://www.drzap.it/O_Vaime.htm
Vian, Boris*http://www.drzap.it/O_Vian.htm
Valdi, Walter*http://www.drzap.it/O_Valdi.htm
Vianello, Raimondo*http://www.drzap.it/O_Vianello.htm
Valemille*http://www.drzap.it/O_valemille.htm
Vicari, Marco*http://www.drzap.it/O_Vicari.htm
Va Lentina (Anna Valentina Farina)*http://www.drzap.it/O_Farina.htm
Vidal, Gore*http://www.drzap.it/O_Vidal.htm
Valentinaries (Valentina)*http://www.drzap.it/O_Valentinaries.htm
Vietri, Rossella*http://www.drzap.it/O_Vietri.htm
Valéry, Paul*http://www.drzap.it/O_Valery.htm
Vignaiuolo  (Franco Bianco)*http://www.drzap.it/O_Bianco.htm
Valicella, Daniele “Maice”*http://www.drzap.it/O_Maice.htm
Villa, Daniele*http://www.drzap.it/O_Genio78.htm
Vanacore, Andrea*http://www.drzap.it/O_Vanacore.htm
Villaggio, Paolo*http://www.drzap.it/O_Villaggio.htm
Vanessi, Pietro*http://www.drzap.it/O_Vanessi.htm
Villanti, Ketty*http://www.drzap.it/O_Villanti.htm
Vareschi, Bruno*http://www.drzap.it/O_Vareschi.htm
Vincent, Aldo (Il Grillo Sparlante)*http://www.drzap.it/O_Vincent.htm
Vasumi, Andrea*http://www.drzap.it/O_Vasumi.htm
Vinci, Anna*http://www.drzap.it/O_Vinci.htm
Vauro*http://www.drzap.it/O_Vauro.htm
Vincino*http://www.drzap.it/O_Vincino.htm
Vaxen (Gaspare Bitetto)*http://www.drzap.it/O_Bitetto.htm
Viola, Beppe*http://www.drzap.it/O_Viola.htm
Venerando, Roberto*http://www.drzap.it/O_Venerando.htm
Violet, Andy*http://www.drzap.it/O_AndyViolet.htm
venividiwc*http://www.drzap.it/O_venividiwc.htm
Viscorto, Lughino*http://www.drzap.it/O_Viscorto.htm
Venticello*http://www.drzap.it/O_Venticello.htm
Vitello, Lello*http://www.drzap.it/O_Vitello.htm
Ventisei, Penelope*http://www.drzap.it/O_Ventisei.htm
Vito alias Stefano Bicocchi*http://www.drzap.it/O_Vito.htm
Vento Tagliente*http://www.drzap.it/O_VentoTagliente.htm
Vittici, Camillo*http://xoomer.virgilio.it/testi/
Ventura, Andy*http://www.drzap.it/O_Ventura.htm
Viva la Satira*http://www.drzap.it/O_Vivalasatira.htm
Verardi, Gianfranco*http://www.drzap.it/O_Verardi.htm
Viviana*http://www.drzap.it/O_viviana.htm
Verde, Dino*http://www.drzap.it/O_Verde.htm
Vocazzolario della Lingua Italiana*http://www.drzap.it/O_Vocazzolario.htm
Verdone, Carlo*http://www.drzap.it/O_Verdone.htm
Volo, Fabio*http://www.drzap.it/O_Volo.htm
Vergassola, Dario*http://www.drzap.it/O_Vergas.htm
Voltaire  (10)*http://www.drzap.it/F_Voltai.htm
Vernocchi, Sabrina*http://www.drzap.it/O_Vernocchi.htm
Von Felix*http://www.drzap.it/O_VonFelix.htm
Véron, Pierre*http://www.drzap.it/O_Veron.htm
Votiamo Fifo*http://www.drzap.it/O_Votiamo_Fifo.htm
Vespa, Francesco*http://www.drzap.it/O_vespa.htm
Vukic, Marco*http://www.drzap.it/O_Vukic.htm
Vestoso, Valerio*http://www.drzap.it/O_Vestoso.htm
Wallyci Leopardi, Valeria*http://www.drzap.it/O_Wallyci_Leopardi.htm
Ward, Bill*http://www.drzap.it/O_Ward.htm
Warhol, Andy*http://www.drzap.it/O_Warhol.htm
Watterson, Bill*http://www.drzap.it/O_Watterson.htm
Wawe (Davide Marchetti)*http://www.drzap.it/O_wawe.htm
Waxen (Gaspare Bitetto) *http://www.drzap.it/O_Waxen.htm
Welles, Orson*http://www.drzap.it/O_Welles.htm
West, Mae*http://www.drzap.it/O_West.htm
Wilde, Oscar*http://www.drzap.it/O_WILDE.htm
Williams, Robin*http://www.drzap.it/O_Williams.htm
Wilson, Lucio*http://www.drzap.it/O_Wilson.htm
Witch1991*http://www.drzap.it/O_witch1991.htm
Wodehouse, Pelham Greenville*http://www.drzap.it/O_Wodehouse.htm
Wolinski, Georges*http://www.drzap.it/O_Wolinski.htm
Wowbagger*http://www.drzap.it/O_Wowbagger.htm
Wright, Steven*http://www.drzap.it/O_Wright.htm
Xanax*http://www.drzap.it/O_xanax.htm
Xiaoping, Deng *http://www.drzap.it/O_Xiaoping.htm
Zaccarella, Stefano*http://www.drzap.it/O_Zaccarella.htm
Zalone, Checco*http://www.drzap.it/O_Zalone.htm
Zanetti, Rotobs Alessandro*http://www.drzap.it/O_Zanetti.htm
Zani, Leo*http://www.drzap.it/O_Zani.htm
Zappa, Frank*http://www.drzap.it/O_Zappa.htm
Zappacosta, Barbara*http://www.drzap.it/O_Zappacosta.htm
Zappulla, Franco (DrZap)*http://www.drzap.it/O_drzap.htm
Zauli, Gianni*http://www.drzap.it/O_Zauli.htm
Zentabaga, Buddheun*http://www.drzap.it/O_Zentabaga.htm
Ziche, Silvia*http://www.drzap.it/O_Ziche.htm
Zichichi, Antonino*http://www.drzap.it/O_Zichichi.htm
Zingaro*http://www.drzap.it/O_Zingaro.htm
Zio Albe (Alberto Parodi)*http://www.drzap.it/O_ZioAlbe.htm
Zip_1974*http://www.drzap.it/O_Zip_1974.htm
Zoccheddu, Gianni*http://www.drzap.it/O_Zoccheddu.htm
Zoda, Vincenzo*http://www.drzap.it/O_Zoda.htm
Zucca, Mario*http://www.drzap.it/O_Zucca.htm
Zucchero*http://www.drzap.it/O_Zucchero.htm
Zulli, Massimiliano*http://www.drzap.it/O_Zulli.htm
Zuzzurro e Gaspare*http://www.drzap.it/O_Zuzzur.htm